model,agent,prompt,config_label,problems,passed_mean,failed_mean,errors_mean,total_mean,functional_correctness_mean,line_coverage_mean,branch_coverage_mean,mutation_score_mean,complexity_cc_mean,maintainability_mi_mean,bloat_ratio_mean,similarity_score_mean,unique_inputs_count_mean,edge_case_count_mean,test_type_count_mean,duplication_ratio_mean,diversity_score_mean,prompt_tokens_mean,completion_tokens_mean,total_tokens_mean,execution_time_mean,passed_sum,functional_correctness_sum,line_coverage_sum,mutation_score_sum,prompt_tokens_sum,completion_tokens_sum,total_tokens_sum,fc_per_1k_tokens,passed_per_1k_tokens,coverage_per_1k_tokens,mutation_per_1k_tokens,passed,failed,errors,total,functional_correctness,line_coverage,branch_coverage,mutation_score,complexity_cc,maintainability_mi,bloat_ratio,similarity_score,unique_inputs_count,edge_case_count,test_type_count,duplication_ratio,diversity_score,prompt_tokens,completion_tokens,total_tokens,elapsed_s,quality_rank
gemma-12b,actor_critic,zero_shot,gemma-12b:zero_shot,25,2.56,1.12,0.76,4.44,0.16272,87.08,77.1066666667,0.97,2.2584,62.538,3.636,0.30368,15.28,0.92,2.76,0.26132,0.53508,1343.6,0.46,1337.34,,128.0,8.136,1044.96,48.5,67180.0,23.0,66867.0,0.1216743685,1.9142476857,15.6274395442,0.7253204122,2.56,1.12,0.76,4.44,0.16272,87.08,77.1066666667,0.97,2.2584,62.538,3.636,0.30368,15.28,0.92,2.76,0.26132,0.53508,1343.6,0.46,1337.34,,53.975239
gemma-12b,actor_critic,cot,gemma-12b:cot,25,11.76,3.76,0.04,15.56,0.7172,86.5616666667,67.40625,0.925,2.5288,68.5324,4.2412,0.30592,11.84,0.8,2.16,0.36308,0.4576,1433.88,9.74,1438.38,,588.0,35.86,4154.96,46.25,71694.0,487.0,71919.0,0.4986164991,8.1758645142,57.7727721464,0.6430845813,11.76,3.76,0.04,15.56,0.7172,86.5616666667,67.40625,0.925,2.5288,68.5324,4.2412,0.30592,11.84,0.8,2.16,0.36308,0.4576,1433.88,9.74,1438.38,,74.257404
gemma-12b,actor_critic,scot,gemma-12b:scot,25,5.96,2.36,0.36,8.68,0.4566,86.39375,62.73625,0.97,2.4764,69.9516,3.75,0.34448,12.28,0.96,2.52,0.32364,0.49816,1132.38,15.06,1142.08,,298.0,22.83,2764.6,48.5,56619.0,753.0,57104.0,0.3997968619,5.2185486131,48.4134211264,0.8493275427,5.96,2.36,0.36,8.68,0.4566,86.39375,62.73625,0.97,2.4764,69.9516,3.75,0.34448,12.28,0.96,2.52,0.32364,0.49816,1132.38,15.06,1142.08,,65.803539
gemma-12b,actor_critic,few_shot,gemma-12b:few_shot,25,6.56,2.76,0.0,9.32,0.56492,70.5252,56.2188,0.925,2.7876,74.3564,3.4668,0.37968,10.32,0.88,2.84,0.20632,0.55316,1163.9,0.44,1160.16,,328.0,28.246,3526.26,46.25,58195.0,22.0,58008.0,0.4869328369,5.6543924976,60.7892014894,0.7973038202,6.56,2.76,0.0,9.32,0.56492,70.5252,56.2188,0.925,2.7876,74.3564,3.4668,0.37968,10.32,0.88,2.84,0.20632,0.55316,1163.9,0.44,1160.16,,65.987362
gemma-12b,adversarial,zero_shot,gemma-12b:zero_shot,25,3.48,0.88,0.56,4.92,0.31888,84.2463636364,69.0263636364,0.93,2.4184,68.6512,3.2224,0.36188,8.0,0.56,1.84,0.48,0.3554,693.5,0.28,690.42,,174.0,15.944,1853.42,46.5,34675.0,14.0,34521.0,0.4618637931,5.0404101851,53.6896381912,1.3470061702,3.48,0.88,0.56,4.92,0.31888,84.2463636364,69.0263636364,0.93,2.4184,68.6512,3.2224,0.36188,8.0,0.56,1.84,0.48,0.3554,693.5,0.28,690.42,,59.150232
gemma-12b,adversarial,cot,gemma-12b:cot,25,7.2,2.2,0.08,9.48,0.68244,85.167826087,70.3639130435,0.892,2.7716,71.092,3.8056,0.34436,7.44,0.48,1.6,0.52308,0.32432,449.06,0.24,446.14,,360.0,34.122,3917.72,44.6,22453.0,12.0,22307.0,1.5296543686,16.1384318824,175.6273815394,1.9993723943,7.2,2.2,0.08,9.48,0.68244,85.167826087,70.3639130435,0.892,2.7716,71.092,3.8056,0.34436,7.44,0.48,1.6,0.52308,0.32432,449.06,0.24,446.14,,73.810171
gemma-12b,adversarial,scot,gemma-12b:scot,25,5.76,1.52,0.24,7.52,0.58936,85.3321052632,67.5705263158,0.654,2.3128,70.528,3.2988,0.37572,2.64,0.24,1.12,0.684,0.20608,887.66,0.12,886.9,,288.0,29.468,3242.62,32.7,44383.0,6.0,44345.0,0.6645168565,6.4945315143,73.1225617319,0.7373999323,5.76,1.52,0.24,7.52,0.58936,85.3321052632,67.5705263158,0.654,2.3128,70.528,3.2988,0.37572,2.64,0.24,1.12,0.684,0.20608,887.66,0.12,886.9,,63.989969
gemma-12b,adversarial,few_shot,gemma-12b:few_shot,25,1.72,1.12,0.04,2.88,0.20064,40.4333333333,28.29875,0.93,2.7824,68.5212,2.6616,0.47496,3.76,0.16,0.52,0.84,0.11172,992.18,7.52,998.0,,86.0,10.032,1940.8,46.5,49609.0,376.0,49900.0,0.2010420842,1.7234468938,38.8937875752,0.9318637275,1.72,1.12,0.04,2.88,0.20064,40.4333333333,28.29875,0.93,2.7824,68.5212,2.6616,0.47496,3.76,0.16,0.52,0.84,0.11172,992.18,7.52,998.0,,40.063597
gemma-12b,atomic_swarm,zero_shot,gemma-12b:zero_shot,25,0.24,2.64,0.04,2.92,0.07996,62.6992,24.96,1.0,2.0,89.2472,1.5236,0.64144,3.44,0.84,3.16,0.03996,0.51916,757.82,0.42,757.68,,12.0,3.998,3134.96,50.0,37891.0,21.0,37884.0,0.1055326787,0.3167564143,82.7515573857,1.319818393,0.24,2.64,0.04,2.92,0.07996,62.6992,24.96,1.0,2.0,89.2472,1.5236,0.64144,3.44,0.84,3.16,0.03996,0.51916,757.82,0.42,757.68,,46.682788
gemma-12b,atomic_swarm,cot,gemma-12b:cot,25,0.32,2.6,0.04,2.96,0.1066,64.0428,26.6,1.0,1.99,89.208,1.5088,0.64192,3.56,0.84,3.2,0.03996,0.52416,759.98,0.42,759.8,,16.0,5.33,3202.14,50.0,37999.0,21.0,37990.0,0.140300079,0.4211634641,84.2890234272,1.3161358252,0.32,2.6,0.04,2.96,0.1066,64.0428,26.6,1.0,1.99,89.208,1.5088,0.64192,3.56,0.84,3.2,0.03996,0.52416,759.98,0.42,759.8,,48.127623
gemma-12b,atomic_swarm,scot,gemma-12b:scot,25,0.24,2.64,0.04,2.92,0.07996,63.2608,25.52,1.0,2.0,89.1768,1.5252,0.6416,3.44,0.84,3.16,0.03996,0.51916,676.66,0.42,676.52,,12.0,3.998,3163.04,50.0,33833.0,21.0,33826.0,0.1181931059,0.354756696,93.5091349849,1.4781529001,0.24,2.64,0.04,2.92,0.07996,63.2608,25.52,1.0,2.0,89.1768,1.5252,0.6416,3.44,0.84,3.16,0.03996,0.51916,676.66,0.42,676.52,,47.07834
gemma-12b,atomic_swarm,few_shot,gemma-12b:few_shot,25,0.28,2.64,0.04,2.96,0.09328,64.0428,26.6,1.0,1.99,89.1944,1.5104,0.64168,3.44,0.84,3.16,0.03996,0.51916,625.62,0.42,625.48,,14.0,4.664,3202.14,50.0,31281.0,21.0,31274.0,0.1491334655,0.4476562,102.3898445993,1.598772143,0.28,2.64,0.04,2.96,0.09328,64.0428,26.6,1.0,1.99,89.1944,1.5104,0.64168,3.44,0.84,3.16,0.03996,0.51916,625.62,0.42,625.48,,47.967101
gemma-12b,baseline,zero_shot,gemma-12b:zero_shot,25,2.84,6.52,0.16,9.52,0.24592,76.1271428571,43.2557142857,1.0,3.2992,70.0648,3.5276,0.35088,8.64,0.44,1.72,0.48572,0.34296,422.58,0.22,419.12,,142.0,12.296,3197.34,50.0,21129.0,11.0,20956.0,0.5867531972,6.7761023096,152.573964497,2.3859515175,2.84,6.52,0.16,9.52,0.24592,76.1271428571,43.2557142857,1.0,3.2992,70.0648,3.5276,0.35088,8.64,0.44,1.72,0.48572,0.34296,422.58,0.22,419.12,,55.980546
gemma-12b,baseline,cot,gemma-12b:cot,25,4.84,5.92,0.0,10.76,0.39512,75.5096,43.768,0.96334,3.16,68.9992,3.6768,0.33864,8.92,0.4,1.32,0.6,0.27272,566.24,164.04,726.28,,242.0,19.756,3775.48,48.167,28312.0,8202.0,36314.0,0.5440326045,6.6640964917,103.9676157956,1.3264030401,4.84,5.92,0.0,10.76,0.39512,75.5096,43.768,0.96334,3.16,68.9992,3.6768,0.33864,8.92,0.4,1.32,0.6,0.27272,566.24,164.04,726.28,,59.576204
gemma-12b,baseline,scot,gemma-12b:scot,25,5.92,2.28,0.04,8.24,0.6994,83.9220833333,67.3545833333,0.85168,2.3636,63.458,4.1808,0.27376,0.0,0.0,0.0,1.0,0.0,885.26,0.0,885.26,,296.0,34.97,4028.26,42.584,44263.0,0.0,44263.0,0.7900503807,6.6873009059,91.0073876601,0.9620676411,5.92,2.28,0.04,8.24,0.6994,83.9220833333,67.3545833333,0.85168,2.3636,63.458,4.1808,0.27376,0.0,0.0,0.0,1.0,0.0,885.26,0.0,885.26,,68.94862
gemma-12b,baseline,few_shot,gemma-12b:few_shot,25,0.68,8.64,0.0,9.32,0.09932,73.4828,27.76,0.965,2.4052,78.9048,2.334,0.4572,13.32,1.04,3.0,0.0,0.67248,1086.2,0.52,1081.04,,34.0,4.966,3674.14,48.25,54310.0,26.0,54052.0,0.0918744912,0.6290239029,67.9741730186,0.892658921,0.68,8.64,0.0,9.32,0.09932,73.4828,27.76,0.965,2.4052,78.9048,2.334,0.4572,13.32,1.04,3.0,0.0,0.67248,1086.2,0.52,1081.04,,50.144701
gemma-12b,coa,zero_shot,gemma-12b:zero_shot,25,0.2,7.56,0.04,7.8,0.02332,71.8683333333,22.9166666667,1.0,2.2648,79.0536,2.5484,0.44984,9.16,0.68,3.04,0.20372,0.56044,561.8,0.34,558.74,,10.0,1.166,3449.68,50.0,28090.0,17.0,27937.0,0.0417367649,0.3579482407,123.4806886924,1.7897412034,0.2,7.56,0.04,7.8,0.02332,71.8683333333,22.9166666667,1.0,2.2648,79.0536,2.5484,0.44984,9.16,0.68,3.04,0.20372,0.56044,561.8,0.34,558.74,,47.747703
gemma-12b,coa,cot,gemma-12b:cot,25,0.12,7.96,0.04,8.12,0.01444,72.1433333333,20.25,1.0,2.1832,79.1712,2.5356,0.4478,8.76,0.8,3.04,0.19484,0.57372,930.28,0.4,927.42,,6.0,0.722,3462.88,50.0,46514.0,20.0,46371.0,0.0155700761,0.1293912143,74.6777080503,1.0782601195,0.12,7.96,0.04,8.12,0.01444,72.1433333333,20.25,1.0,2.1832,79.1712,2.5356,0.4478,8.76,0.8,3.04,0.19484,0.57372,930.28,0.4,927.42,,46.434988
gemma-12b,coa,scot,gemma-12b:scot,25,0.12,7.96,0.04,8.12,0.01332,71.1383333333,16.2083333333,1.0,2.1292,79.43,2.512,0.45092,8.44,0.8,3.04,0.19484,0.57268,694.18,0.4,691.48,,6.0,0.666,3414.64,50.0,34709.0,20.0,34574.0,0.01926303,0.173540811,98.7632324868,1.4461734251,0.12,7.96,0.04,8.12,0.01332,71.1383333333,16.2083333333,1.0,2.1292,79.43,2.512,0.45092,8.44,0.8,3.04,0.19484,0.57268,694.18,0.4,691.48,,46.870292
gemma-12b,coa,few_shot,gemma-12b:few_shot,25,0.12,7.88,0.04,8.04,0.01444,72.0233333333,20.2083333333,1.0,2.1704,79.1808,2.538,0.44904,8.8,0.72,3.04,0.19928,0.56724,611.64,0.36,608.76,,6.0,0.722,3457.12,50.0,30582.0,18.0,30438.0,0.0237203496,0.1971220185,113.5790787831,1.6426834877,0.12,7.88,0.04,8.04,0.01444,72.0233333333,20.2083333333,1.0,2.1704,79.1808,2.538,0.44904,8.8,0.72,3.04,0.19928,0.56724,611.64,0.36,608.76,,47.341999
gemma-12b,competitive,zero_shot,gemma-12b:zero_shot,25,4.4,5.0,0.0,9.4,0.44472,77.1628,47.5612,0.89168,3.288,71.9848,3.326,0.36604,7.24,0.24,1.2,0.64,0.24908,3.62,0.12,0.6,,220.0,22.236,3858.14,44.584,181.0,6.0,30.0,741.2,7333.3333333333,128604.6666666667,1486.1333333333,4.4,5.0,0.0,9.4,0.44472,77.1628,47.5612,0.89168,3.288,71.9848,3.326,0.36604,7.24,0.24,1.2,0.64,0.24908,3.62,0.12,0.6,,62.943614
gemma-12b,competitive,cot,gemma-12b:cot,25,4.44,4.96,0.0,9.4,0.461,78.1792,48.0012,0.888,3.2932,71.8568,3.3332,0.36364,7.32,0.28,1.2,0.64,0.25176,3.66,0.14,0.6,,222.0,23.05,3908.96,44.4,183.0,7.0,30.0,768.3333333333,7400.0,130298.6666666667,1480.0,4.44,4.96,0.0,9.4,0.461,78.1792,48.0012,0.888,3.2932,71.8568,3.3332,0.36364,7.32,0.28,1.2,0.64,0.25176,3.66,0.14,0.6,,63.820514
gemma-12b,competitive,scot,gemma-12b:scot,25,3.6,6.04,0.0,9.64,0.37124,76.9712,43.1212,0.93,3.18,72.8684,3.2328,0.37792,7.88,0.32,1.44,0.56308,0.30468,3.94,0.16,0.72,,180.0,18.562,3848.56,46.5,197.0,8.0,36.0,515.6111111111,5000.0,106904.4444444444,1291.6666666667,3.6,6.04,0.0,9.64,0.37124,76.9712,43.1212,0.93,3.18,72.8684,3.2328,0.37792,7.88,0.32,1.44,0.56308,0.30468,3.94,0.16,0.72,,61.086936
gemma-12b,competitive,few_shot,gemma-12b:few_shot,25,3.52,6.04,0.0,9.56,0.36292,77.2456,43.1612,0.96,3.5308,72.1428,3.308,0.37164,8.32,0.32,1.44,0.56284,0.30472,4.16,0.16,0.72,,176.0,18.146,3862.28,48.0,208.0,8.0,36.0,504.0555555556,4888.8888888889,107285.5555555556,1333.3333333333,3.52,6.04,0.0,9.56,0.36292,77.2456,43.1612,0.96,3.5308,72.1428,3.308,0.37164,8.32,0.32,1.44,0.56284,0.30472,4.16,0.16,0.72,,61.273136
gemma-12b,consensus,zero_shot,gemma-12b:zero_shot,25,1.52,2.2,0.68,4.4,0.11456,78.52625,57.02125,0.964,2.6324,71.1972,3.2056,0.37532,15.12,0.84,2.68,0.20284,0.55336,1493.12,0.42,1486.9,,76.0,5.728,1256.42,48.2,74656.0,21.0,74345.0,0.0770462035,1.0222610801,16.8998587666,0.6483287376,1.52,2.2,0.68,4.4,0.11456,78.52625,57.02125,0.964,2.6324,71.1972,3.2056,0.37532,15.12,0.84,2.68,0.20284,0.55336,1493.12,0.42,1486.9,,49.533011
gemma-12b,consensus,cot,gemma-12b:cot,25,1.0,3.0,0.64,4.64,0.07684,73.2933333333,43.2777777778,1.0,2.62,72.2044,3.0592,0.37616,15.4,0.76,2.72,0.16484,0.57156,1860.92,8.58,1862.78,,50.0,3.842,1319.28,50.0,93046.0,429.0,93139.0,0.0412501745,0.5368320467,14.1646356521,0.5368320467,1.0,3.0,0.64,4.64,0.07684,73.2933333333,43.2777777778,1.0,2.62,72.2044,3.0592,0.37616,15.4,0.76,2.72,0.16484,0.57156,1860.92,8.58,1862.78,,46.256282
gemma-12b,consensus,scot,gemma-12b:scot,25,0.72,2.24,0.72,3.68,0.05604,70.7742857143,47.0714285714,1.0,2.6244,70.942,3.1952,0.36636,16.44,0.88,2.88,0.12968,0.59832,1672.08,174.1,1838.96,,36.0,2.802,990.84,50.0,83604.0,8705.0,91948.0,0.030473746,0.3915256449,10.7760908339,0.543785618,0.72,2.24,0.72,3.68,0.05604,70.7742857143,47.0714285714,1.0,2.6244,70.942,3.1952,0.36636,16.44,0.88,2.88,0.12968,0.59832,1672.08,174.1,1838.96,,45.137006
gemma-12b,consensus,few_shot,gemma-12b:few_shot,25,0.76,2.2,0.72,3.68,0.06132,75.8057142857,54.2142857143,0.96,2.6484,71.3328,3.0756,0.37748,16.72,0.88,2.88,0.12248,0.60712,1364.84,4.7,1362.18,,38.0,3.066,1061.28,48.0,68242.0,235.0,68109.0,0.0450160772,0.5579292017,15.5820816632,0.7047526759,0.76,2.2,0.72,3.68,0.06132,75.8057142857,54.2142857143,0.96,2.6484,71.3328,3.0756,0.37748,16.72,0.88,2.88,0.12248,0.60712,1364.84,4.7,1362.18,,47.592975
gemma-12b,hybrid,zero_shot,gemma-12b:zero_shot,25,0.96,0.8,0.84,2.6,0.08936,84.36,67.9575,1.0,3.264,58.9996,4.7732,0.25732,6.52,0.36,1.36,0.60688,0.25628,1332.96,0.18,1330.38,,48.0,4.468,674.88,50.0,66648.0,9.0,66519.0,0.0671687788,0.7215983403,10.145672665,0.7516649378,0.96,0.8,0.84,2.6,0.08936,84.36,67.9575,1.0,3.264,58.9996,4.7732,0.25732,6.52,0.36,1.36,0.60688,0.25628,1332.96,0.18,1330.38,,48.04472
gemma-12b,hybrid,cot,gemma-12b:cot,25,8.48,3.4,0.12,12.0,0.62076,85.0495454545,64.32,0.968,2.8068,68.4292,4.0964,0.31104,3.52,0.28,0.72,0.8,0.14768,1568.64,0.14,1567.24,,424.0,31.038,3742.18,48.4,78432.0,7.0,78362.0,0.396084837,5.4107858401,47.7550343279,0.6176463082,8.48,3.4,0.12,12.0,0.62076,85.0495454545,64.32,0.968,2.8068,68.4292,4.0964,0.31104,3.52,0.28,0.72,0.8,0.14768,1568.64,0.14,1567.24,,67.16246
gemma-12b,hybrid,scot,gemma-12b:scot,25,4.48,1.68,0.44,6.6,0.3946,82.7092857143,64.8214285714,0.89,2.1916,69.892,3.2992,0.3518,5.72,0.4,1.44,0.57948,0.29488,947.54,0.2,945.4,,224.0,19.73,2315.86,44.5,47377.0,10.0,47270.0,0.4173894648,4.738734927,48.9921726253,0.9414004654,4.48,1.68,0.44,6.6,0.3946,82.7092857143,64.8214285714,0.89,2.1916,69.892,3.2992,0.3518,5.72,0.4,1.44,0.57948,0.29488,947.54,0.2,945.4,,59.787951
gemma-12b,hybrid,few_shot,gemma-12b:few_shot,25,12.04,4.04,0.2,16.28,0.61852,88.4705,74.4765,0.854,2.9056,61.8152,5.8856,0.2372,9.52,1.44,2.04,0.40776,0.447,1338.66,0.72,1334.92,,602.0,30.926,3538.82,42.7,66933.0,36.0,66746.0,0.463338627,9.0192670722,53.0192071435,0.6397387109,12.04,4.04,0.2,16.28,0.61852,88.4705,74.4765,0.854,2.9056,61.8152,5.8856,0.2372,9.52,1.44,2.04,0.40776,0.447,1338.66,0.72,1334.92,,69.941672
gemma-12b,self_healing,zero_shot,gemma-12b:zero_shot,25,2.68,0.96,0.52,4.16,0.23884,60.2883333333,40.8058333333,0.96668,2.8464,69.3012,3.146,0.38496,11.36,0.52,2.16,0.36248,0.42708,665.56,146.34,807.04,,134.0,11.942,1446.92,48.334,33278.0,7317.0,40352.0,0.295945678,3.320777161,35.8574544013,1.1978092784,2.68,0.96,0.52,4.16,0.23884,60.2883333333,40.8058333333,0.96668,2.8464,69.3012,3.146,0.38496,11.36,0.52,2.16,0.36248,0.42708,665.56,146.34,807.04,,50.859492
gemma-12b,self_healing,cot,gemma-12b:cot,25,2.96,1.48,0.44,4.88,0.25832,66.0228571429,50.7764285714,0.96334,3.2652,68.5196,3.304,0.37484,10.04,0.52,1.92,0.44248,0.37708,519.18,60.02,574.88,,148.0,12.916,1848.64,48.167,25959.0,3001.0,28744.0,0.4493459505,5.1489006401,64.3139437796,1.6757236293,2.96,1.48,0.44,4.88,0.25832,66.0228571429,50.7764285714,0.96334,3.2652,68.5196,3.304,0.37484,10.04,0.52,1.92,0.44248,0.37708,519.18,60.02,574.88,,53.252093
gemma-12b,self_healing,scot,gemma-12b:scot,25,2.72,1.16,0.48,4.36,0.24692,64.2446153846,50.3853846154,0.96668,3.0332,68.8504,3.2656,0.37748,9.8,0.56,1.88,0.44248,0.37576,562.08,395.98,953.82,,136.0,12.346,1670.36,48.334,28104.0,19799.0,47691.0,0.2588748401,2.8516910948,35.0246377723,1.0134826277,2.72,1.16,0.48,4.36,0.24692,64.2446153846,50.3853846154,0.96668,3.0332,68.8504,3.2656,0.37748,9.8,0.56,1.88,0.44248,0.37576,562.08,395.98,953.82,,51.197112
gemma-12b,self_healing,few_shot,gemma-12b:few_shot,25,3.04,1.32,0.4,4.76,0.30892,65.54,54.7693333333,0.90134,3.3696,68.5656,3.4684,0.36856,9.36,0.44,1.88,0.44248,0.35976,611.0,314.88,921.92,,152.0,15.446,1966.2,45.067,30550.0,15744.0,46096.0,0.3350833044,3.2974661576,42.6544602569,0.9776770219,3.04,1.32,0.4,4.76,0.30892,65.54,54.7693333333,0.90134,3.3696,68.5656,3.4684,0.36856,9.36,0.44,1.88,0.44248,0.35976,611.0,314.88,921.92,,52.961146
gemma-12b,soa,zero_shot,gemma-12b:zero_shot,25,2.4,2.96,0.56,5.92,0.18128,79.53,54.4272727273,0.96,3.0592,68.8536,3.5392,0.348,12.76,0.72,2.28,0.32,0.46408,756.36,0.36,751.12,,120.0,9.064,1749.66,48.0,37818.0,18.0,37556.0,0.2413462563,3.1952284588,46.588028544,1.2780913835,2.4,2.96,0.56,5.92,0.18128,79.53,54.4272727273,0.96,3.0592,68.8536,3.5392,0.348,12.76,0.72,2.28,0.32,0.46408,756.36,0.36,751.12,,53.813111
gemma-12b,soa,cot,gemma-12b:cot,25,2.36,2.92,0.56,5.84,0.16508,76.1081818182,50.2581818182,0.968,2.8424,67.1652,3.2652,0.36008,14.56,0.68,2.16,0.36684,0.43464,843.08,0.34,836.88,,118.0,8.254,1674.38,48.4,42154.0,17.0,41844.0,0.1972564764,2.8199980881,40.0148169391,1.1566771819,2.36,2.92,0.56,5.84,0.16508,76.1081818182,50.2581818182,0.968,2.8424,67.1652,3.2652,0.36008,14.56,0.68,2.16,0.36684,0.43464,843.08,0.34,836.88,,51.865642
gemma-12b,soa,scot,gemma-12b:scot,25,2.48,3.12,0.52,6.12,0.19768,80.4341666667,49.975,0.964,3.2556,69.1852,3.4752,0.34772,12.48,0.64,2.28,0.32,0.46076,1066.32,0.32,1061.22,,124.0,9.884,1930.42,48.2,53316.0,16.0,53061.0,0.1862761727,2.3369329639,36.3811462279,0.9083884586,2.48,3.12,0.52,6.12,0.19768,80.4341666667,49.975,0.964,3.2556,69.1852,3.4752,0.34772,12.48,0.64,2.28,0.32,0.46076,1066.32,0.32,1061.22,,53.747053
gemma-12b,soa,few_shot,gemma-12b:few_shot,25,2.32,3.24,0.56,6.12,0.16532,80.5509090909,50.44,0.968,2.796,66.5876,3.2648,0.34892,14.2,0.76,2.28,0.32212,0.4722,515.4,0.38,509.44,,116.0,8.266,1772.12,48.4,25770.0,19.0,25472.0,0.324513191,4.5540201005,69.5712939698,1.9001256281,2.32,3.24,0.56,6.12,0.16532,80.5509090909,50.44,0.968,2.796,66.5876,3.2648,0.34892,14.2,0.76,2.28,0.32212,0.4722,515.4,0.38,509.44,,54.390938
gemma-12b,swarm,zero_shot,gemma-12b:zero_shot,25,0.08,1.0,0.0,1.08,0.08,54.2372,21.8,0.96,1.5736,83.8196,1.0024,0.749,1.32,0.52,2.92,0.02,0.44584,915.56,0.26,916.36,,4.0,4.0,2711.86,48.0,45778.0,13.0,45818.0,0.0873019337,0.0873019337,59.1876555066,1.0476232049,0.08,1.0,0.0,1.08,0.08,54.2372,21.8,0.96,1.5736,83.8196,1.0024,0.749,1.32,0.52,2.92,0.02,0.44584,915.56,0.26,916.36,,42.736826
gemma-12b,swarm,cot,gemma-12b:cot,25,0.16,2.52,0.0,2.68,0.016,56.0328,17.44,1.0,1.6468,84.0864,1.3352,0.66816,2.44,0.6,2.92,0.04,0.46816,692.62,0.3,692.86,,8.0,0.8,2801.64,50.0,34631.0,15.0,34643.0,0.0230926883,0.2309268828,80.8717489825,1.4432930173,0.16,2.52,0.0,2.68,0.016,56.0328,17.44,1.0,1.6468,84.0864,1.3352,0.66816,2.44,0.6,2.92,0.04,0.46816,692.62,0.3,692.86,,42.15157
gemma-12b,swarm,scot,gemma-12b:scot,25,0.0,1.2,0.0,1.2,0.0,52.6324,17.6,1.0,1.6072,82.4608,1.0808,0.72848,1.32,0.4,3.0,0.04,0.4398,888.12,0.2,888.96,,0.0,0.0,2631.62,50.0,44406.0,10.0,44448.0,0.0,0.0,59.2067134629,1.1249100072,0.0,1.2,0.0,1.2,0.0,52.6324,17.6,1.0,1.6072,82.4608,1.0808,0.72848,1.32,0.4,3.0,0.04,0.4398,888.12,0.2,888.96,,39.761367
gemma-12b,swarm,few_shot,gemma-12b:few_shot,25,0.04,1.24,0.0,1.28,0.04,53.2232,20.48,0.96,1.5368,82.8592,0.978,0.7552,1.6,0.04,3.0,0.03996,0.43172,751.74,0.02,752.44,,2.0,2.0,2661.16,48.0,37587.0,1.0,37622.0,0.0531603849,0.0531603849,70.7341449152,1.2758492371,0.04,1.24,0.0,1.28,0.04,53.2232,20.48,0.96,1.5368,82.8592,0.978,0.7552,1.6,0.04,3.0,0.03996,0.43172,751.74,0.02,752.44,,41.257461
gemma-1b,actor_critic,zero_shot,gemma-1b:zero_shot,25,2.16,3.64,0.08,5.88,0.25048,62.7230434783,47.772173913,1.0,3.3432,66.5324,3.0444,0.3762,8.88,0.72,2.2,0.30384,0.46912,1417.36,551.42,1965.08,,108.0,12.524,2885.26,50.0,70868.0,27571.0,98254.0,0.1274655485,1.0991918904,29.3653184603,0.5088851344,2.16,3.64,0.08,5.88,0.25048,62.7230434783,47.772173913,1.0,3.3432,66.5324,3.0444,0.3762,8.88,0.72,2.2,0.30384,0.46912,1417.36,551.42,1965.08,,49.213296
gemma-1b,actor_critic,cot,gemma-1b:cot,25,0.0,0.0,0.0,0.0,0.0,18.2176,2.28,1.0,2.64,72.8236,1.9076,0.56728,0.0,0.0,0.0,1.0,0.0,817.28,362.2,1179.48,,0.0,0.0,910.88,50.0,40864.0,18110.0,58974.0,0.0,0.0,15.4454505375,0.8478312477,0.0,0.0,0.0,0.0,0.0,18.2176,2.28,1.0,2.64,72.8236,1.9076,0.56728,0.0,0.0,0.0,1.0,0.0,817.28,362.2,1179.48,,25.846323
gemma-1b,actor_critic,scot,gemma-1b:scot,25,1.8,3.2,0.0,5.0,0.18036,53.692,42.8336,1.0,4.5528,72.6704,3.184,0.40908,10.36,0.6,2.2,0.30456,0.46892,1716.56,1330.9,3043.08,,90.0,9.018,2684.6,50.0,85828.0,66545.0,152154.0,0.0592688986,0.5915059742,17.6439659818,0.3286144301,1.8,3.2,0.0,5.0,0.18036,53.692,42.8336,1.0,4.5528,72.6704,3.184,0.40908,10.36,0.6,2.2,0.30456,0.46892,1716.56,1330.9,3043.08,,40.759693
gemma-1b,actor_critic,few_shot,gemma-1b:few_shot,25,1.64,1.12,0.04,2.8,0.54584,64.0679166667,59.4,0.658,2.8396,77.2628,2.318,0.50484,5.52,0.96,2.52,0.16,0.47616,1744.94,904.58,2647.54,,82.0,27.292,3075.26,32.9,87247.0,45229.0,132377.0,0.2061687453,0.6194429546,23.2310748846,0.2485326001,1.64,1.12,0.04,2.8,0.54584,64.0679166667,59.4,0.658,2.8396,77.2628,2.318,0.50484,5.52,0.96,2.52,0.16,0.47616,1744.94,904.58,2647.54,,54.15878
gemma-1b,adversarial,zero_shot,gemma-1b:zero_shot,25,1.64,2.48,0.04,4.16,0.22856,55.6366666667,38.6195833333,1.0,2.8304,74.5348,2.69,0.4536,6.44,0.6,1.96,0.37168,0.4122,677.8,276.58,951.84,,82.0,11.428,2670.56,50.0,33890.0,13829.0,47592.0,0.2401243907,1.7229786519,56.1136325433,1.0505967389,1.64,2.48,0.04,4.16,0.22856,55.6366666667,38.6195833333,1.0,2.8304,74.5348,2.69,0.4536,6.44,0.6,1.96,0.37168,0.4122,677.8,276.58,951.84,,49.18115
gemma-1b,adversarial,cot,gemma-1b:cot,25,0.0,0.0,0.0,0.0,0.0,19.1916,2.28,1.0,2.56,70.7556,1.9256,0.56468,0.0,0.0,0.0,1.0,0.0,479.54,196.32,675.86,,0.0,0.0,959.58,50.0,23977.0,9816.0,33793.0,0.0,0.0,28.3958216199,1.4795963661,0.0,0.0,0.0,0.0,0.0,19.1916,2.28,1.0,2.56,70.7556,1.9256,0.56468,0.0,0.0,0.0,1.0,0.0,479.54,196.32,675.86,,27.673115
gemma-1b,adversarial,scot,gemma-1b:scot,25,1.68,1.68,0.08,3.44,0.23256,51.7904347826,38.2039130435,0.96,3.6956,70.5704,2.6592,0.43836,6.24,0.44,1.8,0.4124,0.38228,535.28,30.04,562.88,,84.0,11.628,2382.36,48.0,26764.0,1502.0,28144.0,0.4131608869,2.9846503695,84.6489482661,1.7055144969,1.68,1.68,0.08,3.44,0.23256,51.7904347826,38.2039130435,0.96,3.6956,70.5704,2.6592,0.43836,6.24,0.44,1.8,0.4124,0.38228,535.28,30.04,562.88,,48.703213
gemma-1b,adversarial,few_shot,gemma-1b:few_shot,25,1.12,0.72,0.08,1.92,0.39332,51.6569565217,45.3056521739,0.706,2.4076,73.3808,2.2728,0.4788,2.96,0.68,1.8,0.4,0.33448,438.18,8.1,445.36,,56.0,19.666,2376.22,35.3,21909.0,405.0,22268.0,0.8831507095,2.5148194719,106.7100772409,1.5852344171,1.12,0.72,0.08,1.92,0.39332,51.6569565217,45.3056521739,0.706,2.4076,73.3808,2.2728,0.4788,2.96,0.68,1.8,0.4,0.33448,438.18,8.1,445.36,,51.181706
gemma-1b,atomic_swarm,zero_shot,gemma-1b:zero_shot,25,0.0,0.08,0.0,0.08,0.0,15.6132,0.6248,1.0,3.8368,68.2744,4.4444,0.327,0.6,0.12,0.24,0.92,0.052,809.14,418.54,1227.44,,0.0,0.0,780.66,50.0,40457.0,20927.0,61372.0,0.0,0.0,12.7201329597,0.8147037737,0.0,0.08,0.0,0.08,0.0,15.6132,0.6248,1.0,3.8368,68.2744,4.4444,0.327,0.6,0.12,0.24,0.92,0.052,809.14,418.54,1227.44,,25.564445
gemma-1b,atomic_swarm,cot,gemma-1b:cot,25,0.0,0.04,0.04,0.08,0.0,15.3170833333,0.6945833333,1.0,3.74,65.3716,4.208,0.31992,0.44,0.04,0.12,0.96,0.02768,556.02,448.46,1004.3,,0.0,0.0,735.22,50.0,27801.0,22423.0,50215.0,0.0,0.0,14.6414418003,0.9957184108,0.0,0.04,0.04,0.08,0.0,15.3170833333,0.6945833333,1.0,3.74,65.3716,4.208,0.31992,0.44,0.04,0.12,0.96,0.02768,556.02,448.46,1004.3,,25.948729
gemma-1b,atomic_swarm,scot,gemma-1b:scot,25,0.0,0.08,0.0,0.08,0.0,15.578,0.6668,1.0,3.96,68.0508,4.4684,0.32456,0.6,0.12,0.24,0.92,0.052,1178.22,560.7,1738.68,,0.0,0.0,778.9,50.0,58911.0,28035.0,86934.0,0.0,0.0,8.9596705547,0.5751489636,0.0,0.08,0.0,0.08,0.0,15.578,0.6668,1.0,3.96,68.0508,4.4684,0.32456,0.6,0.12,0.24,0.92,0.052,1178.22,560.7,1738.68,,23.948397
gemma-1b,atomic_swarm,few_shot,gemma-1b:few_shot,25,0.0,0.08,0.0,0.08,0.0,14.908,0.6668,1.0,4.59,66.93,4.8128,0.31656,1.12,0.0,0.24,0.92,0.052,456.32,294.18,750.06,,0.0,0.0,745.4,50.0,22816.0,14709.0,37503.0,0.0,0.0,19.8757432739,1.3332266752,0.0,0.08,0.0,0.08,0.0,14.908,0.6668,1.0,4.59,66.93,4.8128,0.31656,1.12,0.0,0.24,0.92,0.052,456.32,294.18,750.06,,26.888944
gemma-1b,baseline,zero_shot,gemma-1b:zero_shot,25,1.2,0.88,0.08,2.16,0.176,40.8334782609,25.6886956522,1.0,2.4944,68.6832,2.0872,0.48736,2.92,0.4,0.96,0.68,0.20368,749.46,335.8,1084.08,,60.0,8.8,1878.34,50.0,37473.0,16790.0,54204.0,0.1623496421,1.1069293779,34.6531621283,0.9224411483,1.2,0.88,0.08,2.16,0.176,40.8334782609,25.6886956522,1.0,2.4944,68.6832,2.0872,0.48736,2.92,0.4,0.96,0.68,0.20368,749.46,335.8,1084.08,,40.877013
gemma-1b,baseline,cot,gemma-1b:cot,25,0.0,0.0,0.0,0.0,0.0,18.07,2.28,1.0,2.54,73.2144,1.8516,0.58484,0.0,0.0,0.0,1.0,0.0,530.28,487.04,1017.32,,0.0,0.0,903.5,50.0,26514.0,24352.0,50866.0,0.0,0.0,17.7623559942,0.9829748752,0.0,0.0,0.0,0.0,0.0,18.07,2.28,1.0,2.54,73.2144,1.8516,0.58484,0.0,0.0,0.0,1.0,0.0,530.28,487.04,1017.32,,26.319225
gemma-1b,baseline,scot,gemma-1b:scot,25,0.52,0.32,0.04,0.88,0.04668,26.005,6.75,1.0,2.45,71.58,1.924,0.54824,0.84,0.08,0.24,0.92,0.05132,492.84,502.26,994.76,,26.0,2.334,1248.24,50.0,24642.0,25113.0,49738.0,0.0469258917,0.5227391532,25.0963046363,1.0052676022,0.52,0.32,0.04,0.88,0.04668,26.005,6.75,1.0,2.45,71.58,1.924,0.54824,0.84,0.08,0.24,0.92,0.05132,492.84,502.26,994.76,,30.7543
gemma-1b,baseline,few_shot,gemma-1b:few_shot,25,0.28,0.36,0.12,0.76,0.09668,30.7072727273,13.0618181818,0.96,2.2944,64.2168,1.724,0.51964,0.8,0.16,0.6,0.8,0.10672,623.16,890.44,1513.42,,14.0,4.834,1351.12,48.0,31158.0,44522.0,75671.0,0.0638818041,0.1850114311,17.8551889099,0.6343249065,0.28,0.36,0.12,0.76,0.09668,30.7072727273,13.0618181818,0.96,2.2944,64.2168,1.724,0.51964,0.8,0.16,0.6,0.8,0.10672,623.16,890.44,1513.42,,32.253293
gemma-1b,coa,zero_shot,gemma-1b:zero_shot,25,0.0,0.0,0.0,0.0,0.0,18.7944,2.12,1.0,3.2456,68.4672,4.1972,0.36264,0.0,0.0,0.0,1.0,0.0,696.62,424.28,1120.9,,0.0,0.0,939.72,50.0,34831.0,21214.0,56045.0,0.0,0.0,16.7672406102,0.8921402444,0.0,0.0,0.0,0.0,0.0,18.7944,2.12,1.0,3.2456,68.4672,4.1972,0.36264,0.0,0.0,0.0,1.0,0.0,696.62,424.28,1120.9,,26.174688
gemma-1b,coa,cot,gemma-1b:cot,25,0.0,0.0,0.0,0.0,0.0,18.788,2.12,1.0,3.1956,68.2332,4.2472,0.36136,0.0,0.0,0.0,1.0,0.0,1478.38,695.16,2173.54,,0.0,0.0,939.4,50.0,73919.0,34758.0,108677.0,0.0,0.0,8.6439633041,0.4600789495,0.0,0.0,0.0,0.0,0.0,18.788,2.12,1.0,3.1956,68.2332,4.2472,0.36136,0.0,0.0,0.0,1.0,0.0,1478.38,695.16,2173.54,,22.863774
gemma-1b,coa,scot,gemma-1b:scot,25,0.0,0.0,0.0,0.0,0.0,18.7632,2.12,1.0,3.2176,68.2888,4.1196,0.37232,0.0,0.0,0.0,1.0,0.0,805.08,855.04,1660.12,,0.0,0.0,938.16,50.0,40254.0,42752.0,83006.0,0.0,0.0,11.3023154953,0.602366094,0.0,0.0,0.0,0.0,0.0,18.7632,2.12,1.0,3.2176,68.2888,4.1196,0.37232,0.0,0.0,0.0,1.0,0.0,805.08,855.04,1660.12,,24.471675
gemma-1b,coa,few_shot,gemma-1b:few_shot,25,0.0,0.0,0.0,0.0,0.0,18.3052,2.12,1.0,3.2924,69.0096,4.2384,0.35992,0.0,0.0,0.0,1.0,0.0,424.04,304.6,728.64,,0.0,0.0,915.26,50.0,21202.0,15230.0,36432.0,0.0,0.0,25.1224198507,1.3724198507,0.0,0.0,0.0,0.0,0.0,18.3052,2.12,1.0,3.2924,69.0096,4.2384,0.35992,0.0,0.0,0.0,1.0,0.0,424.04,304.6,728.64,,27.285584
gemma-1b,competitive,zero_shot,gemma-1b:zero_shot,25,0.0,0.04,0.0,0.04,0.0,19.1332,2.28,1.0,3.1068,75.7584,1.8712,0.59372,1.32,0.0,0.12,0.96,0.026,0.66,0.0,0.06,,0.0,0.0,956.66,50.0,33.0,0.0,3.0,0.0,0.0,318886.6666666666,16666.6666666667,0.0,0.04,0.0,0.04,0.0,19.1332,2.28,1.0,3.1068,75.7584,1.8712,0.59372,1.32,0.0,0.12,0.96,0.026,0.66,0.0,0.06,,30.043111
gemma-1b,competitive,cot,gemma-1b:cot,25,0.0,0.0,0.04,0.04,0.0,19.6091666667,2.375,1.0,2.38,72.6244,1.758,0.5866,0.0,0.0,0.0,1.0,0.0,0.0,0.0,0.0,,0.0,0.0,941.24,50.0,0.0,0.0,0.0,,,,,0.0,0.0,0.04,0.04,0.0,19.6091666667,2.375,1.0,2.38,72.6244,1.758,0.5866,0.0,0.0,0.0,1.0,0.0,0.0,0.0,0.0,,29.902292
gemma-1b,competitive,scot,gemma-1b:scot,25,0.0,0.0,0.04,0.04,0.0,19.77375,2.375,1.0,2.36,72.4136,1.75,0.58684,0.0,0.0,0.0,1.0,0.0,0.0,0.0,0.0,,0.0,0.0,949.14,50.0,0.0,0.0,0.0,,,,,0.0,0.0,0.04,0.04,0.0,19.77375,2.375,1.0,2.36,72.4136,1.75,0.58684,0.0,0.0,0.0,1.0,0.0,0.0,0.0,0.0,,29.943438
gemma-1b,competitive,few_shot,gemma-1b:few_shot,25,0.0,0.0,0.04,0.04,0.0,19.62,2.375,1.0,2.4,72.6008,1.766,0.57984,0.0,0.0,0.0,1.0,0.0,0.0,0.0,0.0,,0.0,0.0,941.76,50.0,0.0,0.0,0.0,,,,,0.0,0.0,0.04,0.04,0.0,19.62,2.375,1.0,2.4,72.6008,1.766,0.57984,0.0,0.0,0.0,1.0,0.0,0.0,0.0,0.0,,29.905
gemma-1b,consensus,zero_shot,gemma-1b:zero_shot,25,0.92,1.68,0.04,2.64,0.14756,43.47875,25.1125,0.96,2.2528,71.7912,2.226,0.51632,3.12,0.36,1.08,0.65656,0.22388,1397.0,562.96,1958.76,,46.0,7.378,2086.98,48.0,69850.0,28148.0,97938.0,0.0753333742,0.4696849027,21.3091956136,0.4901059854,0.92,1.68,0.04,2.64,0.14756,43.47875,25.1125,0.96,2.2528,71.7912,2.226,0.51632,3.12,0.36,1.08,0.65656,0.22388,1397.0,562.96,1958.76,,37.252891
gemma-1b,consensus,cot,gemma-1b:cot,25,0.96,1.04,0.04,2.04,0.15776,40.1629166667,21.8979166667,0.96,2.384,72.5692,2.15,0.53504,2.6,0.4,0.96,0.68572,0.19828,1467.32,648.4,2114.7,,48.0,7.888,1927.82,48.0,73366.0,32420.0,105735.0,0.0746015983,0.4539651014,18.2325625384,0.4539651014,0.96,1.04,0.04,2.04,0.15776,40.1629166667,21.8979166667,0.96,2.384,72.5692,2.15,0.53504,2.6,0.4,0.96,0.68572,0.19828,1467.32,648.4,2114.7,,36.085685
gemma-1b,consensus,scot,gemma-1b:scot,25,1.04,1.6,0.04,2.68,0.13088,39.79,23.98125,1.0,2.82,72.8312,2.3372,0.517,2.96,0.32,0.96,0.69084,0.20368,1576.06,598.66,2173.56,,52.0,6.544,1909.92,50.0,78803.0,29933.0,108678.0,0.0602145788,0.4784777048,17.5741180368,0.4600747161,1.04,1.6,0.04,2.68,0.13088,39.79,23.98125,1.0,2.82,72.8312,2.3372,0.517,2.96,0.32,0.96,0.69084,0.20368,1576.06,598.66,2173.56,,35.386211
gemma-1b,consensus,few_shot,gemma-1b:few_shot,25,1.2,1.96,0.04,3.2,0.16932,46.3958333333,29.5020833333,0.96,2.2808,71.8964,2.3104,0.51932,3.48,0.4,1.2,0.62944,0.24532,1495.26,288.02,1781.94,,60.0,8.466,2227.0,48.0,74763.0,14401.0,89097.0,0.0950200343,0.6734233476,24.995229918,0.5387386781,1.2,1.96,0.04,3.2,0.16932,46.3958333333,29.5020833333,0.96,2.2808,71.8964,2.3104,0.51932,3.48,0.4,1.2,0.62944,0.24532,1495.26,288.02,1781.94,,39.622853
gemma-1b,hybrid,zero_shot,gemma-1b:zero_shot,25,2.04,3.0,0.12,5.16,0.22404,57.0895454545,41.4677272727,0.96,2.8888,64.3992,2.6468,0.40624,7.84,0.52,1.8,0.44376,0.3758,1866.92,912.4,2776.04,,102.0,11.202,2511.94,48.0,93346.0,45620.0,138802.0,0.080704889,0.7348597282,18.0972896644,0.3458163427,2.04,3.0,0.12,5.16,0.22404,57.0895454545,41.4677272727,0.96,2.8888,64.3992,2.6468,0.40624,7.84,0.52,1.8,0.44376,0.3758,1866.92,912.4,2776.04,,42.664606
gemma-1b,hybrid,cot,gemma-1b:cot,25,0.0,0.0,0.0,0.0,0.0,18.708,3.28,1.0,2.4332,77.7508,1.7496,0.60908,0.0,0.0,0.0,1.0,0.0,1065.58,375.74,1441.32,,0.0,0.0,935.4,50.0,53279.0,18787.0,72066.0,0.0,0.0,12.9797685455,0.6938084534,0.0,0.0,0.0,0.0,0.0,18.708,3.28,1.0,2.4332,77.7508,1.7496,0.60908,0.0,0.0,0.0,1.0,0.0,1065.58,375.74,1441.32,,25.145744
gemma-1b,hybrid,scot,gemma-1b:scot,25,2.24,3.32,0.08,5.64,0.21128,58.0391304348,46.8843478261,1.0,3.2188,67.8384,2.9324,0.38444,6.6,0.44,1.96,0.43628,0.38936,881.8,707.24,1586.5,,112.0,10.564,2669.8,50.0,44090.0,35362.0,79325.0,0.1331736527,1.4119130161,33.6564765206,0.6303183107,2.24,3.32,0.08,5.64,0.21128,58.0391304348,46.8843478261,1.0,3.2188,67.8384,2.9324,0.38444,6.6,0.44,1.96,0.43628,0.38936,881.8,707.24,1586.5,,46.866906
gemma-1b,hybrid,few_shot,gemma-1b:few_shot,25,3.12,2.12,0.2,5.44,0.41108,64.9925,49.448,0.733,1.79,61.1084,2.4624,0.39344,5.76,1.28,2.08,0.381,0.43716,1483.66,926.14,2407.32,,156.0,20.554,2599.7,36.65,74183.0,46307.0,120366.0,0.1707625077,1.2960470565,21.5982918764,0.3044879783,3.12,2.12,0.2,5.44,0.41108,64.9925,49.448,0.733,1.79,61.1084,2.4624,0.39344,5.76,1.28,2.08,0.381,0.43716,1483.66,926.14,2407.32,,50.489735
gemma-1b,self_healing,zero_shot,gemma-1b:zero_shot,25,0.0,0.0,0.0,0.0,0.0,20.6704,2.28,1.0,2.66,73.5988,1.9996,0.55856,0.0,0.0,0.0,1.0,0.0,500.86,234.96,735.82,,0.0,0.0,1033.52,50.0,25043.0,11748.0,36791.0,0.0,0.0,28.0916528499,1.3590280232,0.0,0.0,0.0,0.0,0.0,20.6704,2.28,1.0,2.66,73.5988,1.9996,0.55856,0.0,0.0,0.0,1.0,0.0,500.86,234.96,735.82,,27.854312
gemma-1b,self_healing,cot,gemma-1b:cot,25,0.08,0.44,0.0,0.52,0.01332,25.8616,8.9468,1.0,2.7644,72.7308,2.1196,0.54836,0.48,0.04,0.24,0.92,0.04568,443.92,163.38,607.16,,4.0,0.666,1293.08,50.0,22196.0,8169.0,30358.0,0.0219382041,0.1317609856,42.5943738059,1.6470123197,0.08,0.44,0.0,0.52,0.01332,25.8616,8.9468,1.0,2.7644,72.7308,2.1196,0.54836,0.48,0.04,0.24,0.92,0.04568,443.92,163.38,607.16,,30.546196
gemma-1b,self_healing,scot,gemma-1b:scot,25,0.32,0.12,0.0,0.44,0.02908,23.0736,6.28,1.0,2.84,73.49,2.098,0.54968,0.44,0.0,0.12,0.96,0.026,396.3,31.28,427.42,,16.0,1.454,1153.68,50.0,19815.0,1564.0,21371.0,0.0680361237,0.7486781152,53.9834354967,2.33961911,0.32,0.12,0.0,0.44,0.02908,23.0736,6.28,1.0,2.84,73.49,2.098,0.54968,0.44,0.0,0.12,0.96,0.026,396.3,31.28,427.42,,30.847867
gemma-1b,self_healing,few_shot,gemma-1b:few_shot,25,0.12,0.12,0.0,0.24,0.02,23.1068,6.28,1.0,2.8648,72.7176,2.0876,0.5494,0.24,0.0,0.12,0.96,0.022,442.8,5.88,448.62,,6.0,1.0,1155.34,50.0,22140.0,294.0,22431.0,0.04458116,0.26748696,51.5063973965,2.2290580001,0.12,0.12,0.0,0.24,0.02,23.1068,6.28,1.0,2.8648,72.7176,2.0876,0.5494,0.24,0.0,0.12,0.96,0.022,442.8,5.88,448.62,,30.386318
gemma-1b,soa,zero_shot,gemma-1b:zero_shot,25,0.48,1.36,0.28,2.12,0.06972,42.3105555556,26.7988888889,1.0,2.058,53.2056,1.7832,0.46488,2.64,0.28,0.84,0.72668,0.17804,782.0,612.54,1393.5,,24.0,3.486,1523.18,50.0,39100.0,30627.0,69675.0,0.0500322928,0.3444564047,21.8612127736,0.7176175099,0.48,1.36,0.28,2.12,0.06972,42.3105555556,26.7988888889,1.0,2.058,53.2056,1.7832,0.46488,2.64,0.28,0.84,0.72668,0.17804,782.0,612.54,1393.5,,35.765921
gemma-1b,soa,cot,gemma-1b:cot,25,0.52,0.8,0.28,1.6,0.08,38.1172222222,22.6322222222,1.0,2.0832,53.5844,1.6928,0.47332,2.2,0.16,0.72,0.76668,0.14604,1155.4,1105.02,2259.6,,26.0,4.0,1372.22,50.0,57770.0,55251.0,112980.0,0.0354044964,0.2301292264,12.1456895026,0.4425562046,0.52,0.8,0.28,1.6,0.08,38.1172222222,22.6322222222,1.0,2.0832,53.5844,1.6928,0.47332,2.2,0.16,0.72,0.76668,0.14604,1155.4,1105.02,2259.6,,32.085922
gemma-1b,soa,scot,gemma-1b:scot,25,0.52,1.28,0.24,2.04,0.07472,39.9905263158,23.8621052632,1.0,1.9536,55.5108,1.836,0.4804,2.12,0.24,0.72,0.76668,0.14836,766.34,809.44,1574.96,,26.0,3.736,1519.64,50.0,38317.0,40472.0,78748.0,0.0474424747,0.3301671154,19.2975059684,0.6349367603,0.52,1.28,0.24,2.04,0.07472,39.9905263158,23.8621052632,1.0,1.9536,55.5108,1.836,0.4804,2.12,0.24,0.72,0.76668,0.14836,766.34,809.44,1574.96,,34.518635
gemma-1b,soa,few_shot,gemma-1b:few_shot,25,0.56,1.72,0.28,2.56,0.07172,42.4688888889,26.2433333333,1.0,1.9832,52.972,1.822,0.46144,2.68,0.24,0.84,0.733,0.1758,536.2,581.54,1116.7,,28.0,3.586,1528.88,50.0,26810.0,29077.0,55835.0,0.0642249485,0.5014775678,27.3821079968,0.8954956568,0.56,1.72,0.28,2.56,0.07172,42.4688888889,26.2433333333,1.0,1.9832,52.972,1.822,0.46144,2.68,0.24,0.84,0.733,0.1758,536.2,581.54,1116.7,,36.733314
gemma-1b,swarm,zero_shot,gemma-1b:zero_shot,25,0.16,0.64,0.16,0.96,0.068,38.0423809524,30.7004761905,0.96,4.688,62.556,3.1784,0.3756,6.6,0.36,1.68,0.45332,0.34872,991.36,779.2,1767.92,,8.0,3.4,1597.78,48.0,49568.0,38960.0,88396.0,0.0384632789,0.0905018327,18.0752522739,0.543010996,0.16,0.64,0.16,0.96,0.068,38.0423809524,30.7004761905,0.96,4.688,62.556,3.1784,0.3756,6.6,0.36,1.68,0.45332,0.34872,991.36,779.2,1767.92,,34.559767
gemma-1b,swarm,cot,gemma-1b:cot,25,0.28,0.96,0.36,1.6,0.08932,47.505,33.034375,0.96,2.4532,46.4868,2.0944,0.3584,3.12,0.28,1.72,0.49336,0.2934,1351.22,1830.46,3180.84,,14.0,4.466,1520.16,48.0,67561.0,91523.0,159042.0,0.0280806328,0.088027062,9.5582299015,0.3018070698,0.28,0.96,0.36,1.6,0.08932,47.505,33.034375,0.96,2.4532,46.4868,2.0944,0.3584,3.12,0.28,1.72,0.49336,0.2934,1351.22,1830.46,3180.84,,32.78305
gemma-1b,swarm,scot,gemma-1b:scot,25,0.4,0.28,0.08,0.76,0.088,27.0086956522,17.6086956522,0.96,3.7448,71.2484,3.2892,0.39764,2.2,0.12,0.72,0.76,0.14404,874.9,661.44,1535.54,,20.0,4.4,1242.4,48.0,43745.0,33072.0,76777.0,0.0573088295,0.2604946794,16.1819294841,0.6251872306,0.4,0.28,0.08,0.76,0.088,27.0086956522,17.6086956522,0.96,3.7448,71.2484,3.2892,0.39764,2.2,0.12,0.72,0.76,0.14404,874.9,661.44,1535.54,,31.285107
gemma-1b,swarm,few_shot,gemma-1b:few_shot,25,0.6,0.8,0.08,1.48,0.15696,45.7608695652,33.5591304348,0.96,3.65,71.9908,2.752,0.4334,6.0,0.48,2.28,0.38336,0.41724,647.9,595.28,1241.08,,30.0,7.848,2105.0,48.0,32395.0,29764.0,62054.0,0.1264704934,0.4834498985,33.9220678764,0.7735198376,0.6,0.8,0.08,1.48,0.15696,45.7608695652,33.5591304348,0.96,3.65,71.9908,2.752,0.4334,6.0,0.48,2.28,0.38336,0.41724,647.9,595.28,1241.08,,42.389281
gemma-27b,actor_critic,zero_shot,gemma-27b:zero_shot,25,10.28,3.36,0.0,13.64,0.75068,86.034,70.8412,0.858,2.5884,68.4972,4.4004,0.30412,19.24,1.08,3.4,0.00648,0.71252,1428.56,12.66,1432.76,,514.0,37.534,4301.7,42.9,71428.0,633.0,71638.0,0.5239398085,7.1749630085,60.0477400262,0.5988441888,10.28,3.36,0.0,13.64,0.75068,86.034,70.8412,0.858,2.5884,68.4972,4.4004,0.30412,19.24,1.08,3.4,0.00648,0.71252,1428.56,12.66,1432.76,,77.026555
gemma-27b,actor_critic,cot,gemma-27b:cot,25,2.16,8.68,0.12,10.96,0.17316,72.3236363636,30.08,1.0,2.68,65.0512,3.3148,0.32464,17.56,1.28,3.24,0.12,0.64728,1213.86,22.18,1228.24,,108.0,8.658,3182.24,50.0,60693.0,1109.0,61412.0,0.1409822185,1.7586139517,51.8178857552,0.8141731258,2.16,8.68,0.12,10.96,0.17316,72.3236363636,30.08,1.0,2.68,65.0512,3.3148,0.32464,17.56,1.28,3.24,0.12,0.64728,1213.86,22.18,1228.24,,52.618739
gemma-27b,actor_critic,scot,gemma-27b:scot,25,8.44,2.76,0.04,11.24,0.68056,82.3708333333,61.88125,0.77,2.1688,69.026,3.8252,0.32956,13.64,0.88,3.16,0.08632,0.62712,995.4,252.7,1242.42,,422.0,34.028,3953.8,38.5,49770.0,12635.0,62121.0,0.5477696753,6.793193928,63.6467539157,0.6197582138,8.44,2.76,0.04,11.24,0.68056,82.3708333333,61.88125,0.77,2.1688,69.026,3.8252,0.32956,13.64,0.88,3.16,0.08632,0.62712,995.4,252.7,1242.42,,71.730359
gemma-27b,actor_critic,few_shot,gemma-27b:few_shot,25,7.2,2.4,0.04,9.64,0.66452,79.18375,60.6329166667,0.773,2.5444,72.0712,3.6728,0.34028,12.36,1.0,3.16,0.08,0.64284,1168.22,215.14,1378.26,,360.0,33.226,3800.82,38.65,58411.0,10757.0,68913.0,0.4821441528,5.2239780593,55.153889687,0.5608520889,7.2,2.4,0.04,9.64,0.66452,79.18375,60.6329166667,0.773,2.5444,72.0712,3.6728,0.34028,12.36,1.0,3.16,0.08,0.64284,1168.22,215.14,1378.26,,70.067131
gemma-27b,adversarial,zero_shot,gemma-27b:zero_shot,25,11.28,3.24,0.0,14.52,0.7456,84.5412,65.5276,0.85168,2.4644,71.3788,3.974,0.33012,12.4,0.84,2.56,0.20332,0.55724,757.88,49.96,802.5,,564.0,37.28,4227.06,42.584,37894.0,2498.0,40125.0,0.9290965732,14.0560747664,105.3472897196,1.0612834891,11.28,3.24,0.0,14.52,0.7456,84.5412,65.5276,0.85168,2.4644,71.3788,3.974,0.33012,12.4,0.84,2.56,0.20332,0.55724,757.88,49.96,802.5,,76.783982
gemma-27b,adversarial,cot,gemma-27b:cot,25,0.0298507463,11.2985074627,0.0447761194,11.3731343284,0.0033134328,68.753125,12.90625,1.0,2.6734328358,68.9892537313,2.6901492537,0.4002985075,18.2835820896,1.1641791045,3.1194029851,0.0496567164,0.6794776119,732.0746268657,151.8358208955,877.7014925373,,2.0,0.222,4400.2,67.0,49049.0,10173.0,58806.0,0.003775125,0.034010135,74.825698058,1.1393395232,0.0298507463,11.2985074627,0.0447761194,11.3731343284,0.0033134328,68.753125,12.90625,1.0,2.6734328358,68.9892537313,2.6901492537,0.4002985075,18.2835820896,1.1641791045,3.1194029851,0.0496567164,0.6794776119,732.0746268657,151.8358208955,877.7014925373,,46.356256
gemma-27b,adversarial,scot,gemma-27b:scot,25,7.88,1.96,0.04,9.88,0.77212,81.79625,64.9458333333,0.66434,2.312,71.0144,3.3544,0.36904,12.0,1.0,3.08,0.04648,0.65212,422.82,195.86,613.72,,394.0,38.606,3926.22,33.217,21141.0,9793.0,30686.0,1.2580981555,12.8397314736,127.9482500163,1.0824806101,7.88,1.96,0.04,9.88,0.77212,81.79625,64.9458333333,0.66434,2.312,71.0144,3.3544,0.36904,12.0,1.0,3.08,0.04648,0.65212,422.82,195.86,613.72,,75.890735
gemma-27b,adversarial,few_shot,gemma-27b:few_shot,25,7.0,2.08,0.04,9.12,0.72972,84.4633333333,66.75375,0.81668,2.554,70.57,3.3912,0.34996,14.24,1.04,3.08,0.044,0.66948,798.64,515.1,1307.64,,350.0,36.486,4054.24,40.834,39932.0,25755.0,65382.0,0.5580434982,5.3531553027,62.0085038696,0.6245449818,7.0,2.08,0.04,9.12,0.72972,84.4633333333,66.75375,0.81668,2.554,70.57,3.3912,0.34996,14.24,1.04,3.08,0.044,0.66948,798.64,515.1,1307.64,,75.138644
gemma-27b,atomic_swarm,zero_shot,gemma-27b:zero_shot,25,1.88,1.28,0.0,3.16,0.57004,62.8704,38.772,0.62068,2.3028,79.156,2.6876,0.51524,4.68,0.84,3.24,0.0866,0.53836,594.02,0.42,593.3,,94.0,28.502,3143.52,31.034,29701.0,21.0,29665.0,0.9607955503,3.1687173437,105.9673015338,1.04614866,1.88,1.28,0.0,3.16,0.57004,62.8704,38.772,0.62068,2.3028,79.156,2.6876,0.51524,4.68,0.84,3.24,0.0866,0.53836,594.02,0.42,593.3,,61.347769
gemma-27b,atomic_swarm,cot,gemma-27b:cot,25,1.36,1.44,0.04,2.84,0.49336,61.3624,36.4388,0.65634,2.336,80.8792,2.542,0.53852,4.56,0.8,3.24,0.10656,0.52368,930.42,0.4,929.76,,68.0,24.668,3068.12,32.817,46521.0,20.0,46488.0,0.5306315608,1.4627430735,65.9981070384,0.7059241094,1.36,1.44,0.04,2.84,0.49336,61.3624,36.4388,0.65634,2.336,80.8792,2.542,0.53852,4.56,0.8,3.24,0.10656,0.52368,930.42,0.4,929.76,,57.233899
gemma-27b,atomic_swarm,scot,gemma-27b:scot,25,1.28,1.56,0.0,2.84,0.46668,60.5084,32.7552,0.66868,2.312,81.5188,2.5236,0.54248,4.52,0.8,3.24,0.10656,0.52568,1328.64,10.24,1337.84,,64.0,23.334,3025.42,33.434,66432.0,512.0,66892.0,0.3488309514,0.9567661305,45.2284279137,0.4998206064,1.28,1.56,0.0,2.84,0.46668,60.5084,32.7552,0.66868,2.312,81.5188,2.5236,0.54248,4.52,0.8,3.24,0.10656,0.52568,1328.64,10.24,1337.84,,54.875367
gemma-27b,atomic_swarm,few_shot,gemma-27b:few_shot,25,1.36,1.48,0.0,2.84,0.49336,61.392,36.2164,0.66068,2.3348,80.6748,2.5796,0.53856,4.56,0.8,3.24,0.09324,0.52904,1045.14,235.58,1279.66,,68.0,24.668,3069.6,33.034,52257.0,11779.0,63983.0,0.385539909,1.0627823015,47.975243424,0.5162933904,1.36,1.48,0.0,2.84,0.49336,61.392,36.2164,0.66068,2.3348,80.6748,2.5796,0.53856,4.56,0.8,3.24,0.09324,0.52904,1045.14,235.58,1279.66,,56.259975
gemma-27b,baseline,zero_shot,gemma-27b:zero_shot,25,9.0,2.36,0.0,11.36,0.75404,83.6564,64.1772,0.77334,2.4548,72.2244,3.6632,0.35096,14.4,0.96,2.96,0.04472,0.66092,780.92,0.48,775.2,,450.0,37.702,4182.82,38.667,39046.0,24.0,38760.0,0.9727038184,11.6099071207,107.9158926729,0.9976006192,9.0,2.36,0.0,11.36,0.75404,83.6564,64.1772,0.77334,2.4548,72.2244,3.6632,0.35096,14.4,0.96,2.96,0.04472,0.66092,780.92,0.48,775.2,,76.847908
gemma-27b,baseline,cot,gemma-27b:cot,25,7.12,3.96,0.0,11.08,0.6446,83.3884,57.7504,0.81168,2.9236,72.02,3.6412,0.3468,16.44,1.04,3.04,0.04516,0.67016,662.24,0.52,655.54,,356.0,32.23,4169.42,40.584,33112.0,26.0,32777.0,0.9833114684,10.8612746743,127.2056625072,1.2381853129,7.12,3.96,0.0,11.08,0.6446,83.3884,57.7504,0.81168,2.9236,72.02,3.6412,0.3468,16.44,1.04,3.04,0.04516,0.67016,662.24,0.52,655.54,,73.446998
gemma-27b,baseline,scot,gemma-27b:scot,25,7.32,2.12,0.0,9.44,0.79444,82.32,61.45,0.66068,2.3768,74.168,3.4004,0.37716,13.16,1.16,3.2,0.00364,0.69356,1280.86,0.58,1275.88,,366.0,39.722,4116.0,33.034,64043.0,29.0,63794.0,0.6226604383,5.7372166661,64.5201743111,0.5178229928,7.32,2.12,0.0,9.44,0.79444,82.32,61.45,0.66068,2.3768,74.168,3.4004,0.37716,13.16,1.16,3.2,0.00364,0.69356,1280.86,0.58,1275.88,,75.192258
gemma-27b,baseline,few_shot,gemma-27b:few_shot,25,1.16,7.44,0.0,8.6,0.14924,71.6792,29.56,0.96,2.4996,79.796,2.23,0.46736,12.44,0.92,3.0,0.00364,0.66756,934.64,0.46,929.92,,58.0,7.462,3583.96,48.0,46732.0,23.0,46496.0,0.1604869236,1.2474191328,77.0810392292,1.0323468685,1.16,7.44,0.0,8.6,0.14924,71.6792,29.56,0.96,2.4996,79.796,2.23,0.46736,12.44,0.92,3.0,0.00364,0.66756,934.64,0.46,929.92,,52.041496
gemma-27b,coa,zero_shot,gemma-27b:zero_shot,25,8.88,4.16,0.04,13.08,0.60336,70.9058333333,35.18,0.8,2.4408,69.0756,5.284,0.2936,12.52,1.08,3.6,0.13296,0.6738,641.46,0.54,637.0,,444.0,30.168,3403.48,40.0,32073.0,27.0,31850.0,0.9471899529,13.9403453689,106.8596546311,1.2558869702,8.88,4.16,0.04,13.08,0.60336,70.9058333333,35.18,0.8,2.4408,69.0756,5.284,0.2936,12.52,1.08,3.6,0.13296,0.6738,641.46,0.54,637.0,,68.596243
gemma-27b,coa,cot,gemma-27b:cot,25,8.96,4.48,0.04,13.48,0.60116,70.92,35.0591666667,0.8,2.4108,68.7996,5.3532,0.28796,12.8,1.08,3.64,0.12436,0.67996,937.84,0.54,933.26,,448.0,30.058,3404.16,40.0,46892.0,27.0,46663.0,0.6441506118,9.600754345,72.9520176585,0.8572102094,8.96,4.48,0.04,13.48,0.60116,70.92,35.0591666667,0.8,2.4108,68.7996,5.3532,0.28796,12.8,1.08,3.64,0.12436,0.67996,937.84,0.54,933.26,,67.641995
gemma-27b,coa,scot,gemma-27b:scot,25,7.76,4.68,0.04,12.48,0.57868,69.5933333333,32.5075,0.84,2.4132,68.6904,5.37,0.28676,13.0,1.12,3.6,0.12624,0.68016,1062.16,11.86,1068.76,,388.0,28.934,3340.48,42.0,53108.0,593.0,53438.0,0.5414499046,7.2607507766,62.5113215315,0.7859575583,7.76,4.68,0.04,12.48,0.57868,69.5933333333,32.5075,0.84,2.4132,68.6904,5.37,0.28676,13.0,1.12,3.6,0.12624,0.68016,1062.16,11.86,1068.76,,66.58714
gemma-27b,coa,few_shot,gemma-27b:few_shot,25,7.96,4.6,0.04,12.6,0.58164,70.7945833333,34.9941666667,0.84,2.4608,68.7528,5.2912,0.2882,13.36,1.12,3.56,0.10316,0.68888,985.38,153.36,1133.28,,398.0,29.082,3398.14,42.0,49269.0,7668.0,56664.0,0.513235917,7.0238599464,59.9699985882,0.7412113511,7.96,4.6,0.04,12.6,0.58164,70.7945833333,34.9941666667,0.84,2.4608,68.7528,5.2912,0.2882,13.36,1.12,3.56,0.10316,0.68888,985.38,153.36,1133.28,,66.890213
gemma-27b,competitive,zero_shot,gemma-27b:zero_shot,25,0.4,12.32,0.04,12.76,0.03572,75.0070833333,20.7916666667,1.0,2.3864,70.3868,2.6276,0.40708,17.24,0.96,2.96,0.04668,0.66244,8.62,0.48,1.48,,20.0,1.786,3600.34,50.0,431.0,24.0,74.0,24.1351351351,270.2702702703,48653.2432432432,675.6756756757,0.4,12.32,0.04,12.76,0.03572,75.0070833333,20.7916666667,1.0,2.3864,70.3868,2.6276,0.40708,17.24,0.96,2.96,0.04668,0.66244,8.62,0.48,1.48,,51.800318
gemma-27b,competitive,cot,gemma-27b:cot,25,0.36,12.6,0.04,13.0,0.0348,74.9345833333,20.9166666667,1.0,2.1832,71.656,2.5356,0.41856,15.4,0.96,2.96,0.04836,0.65196,7.7,0.48,1.48,,18.0,1.74,3596.86,50.0,385.0,24.0,74.0,23.5135135135,243.2432432432,48606.2162162162,675.6756756757,0.36,12.6,0.04,13.0,0.0348,74.9345833333,20.9166666667,1.0,2.1832,71.656,2.5356,0.41856,15.4,0.96,2.96,0.04836,0.65196,7.7,0.48,1.48,,51.640593
gemma-27b,competitive,scot,gemma-27b:scot,25,0.36,12.28,0.04,12.68,0.0348,75.14625,20.75,1.0,2.3988,70.5792,2.6024,0.40872,16.92,1.0,2.92,0.04364,0.66084,8.46,0.5,1.46,,18.0,1.74,3607.02,50.0,423.0,25.0,73.0,23.8356164384,246.5753424658,49411.2328767123,684.9315068493,0.36,12.28,0.04,12.68,0.0348,75.14625,20.75,1.0,2.3988,70.5792,2.6024,0.40872,16.92,1.0,2.92,0.04364,0.66084,8.46,0.5,1.46,,51.782373
gemma-27b,competitive,few_shot,gemma-27b:few_shot,25,0.4,12.36,0.04,12.8,0.03572,74.9875,20.7916666667,1.0,2.4072,70.5024,2.6112,0.40896,16.8,1.0,2.92,0.04668,0.66008,8.4,0.5,1.46,,20.0,1.786,3599.4,50.0,420.0,25.0,73.0,24.4657534247,273.9726027397,49306.8493150685,684.9315068493,0.4,12.36,0.04,12.8,0.03572,74.9875,20.7916666667,1.0,2.4072,70.5024,2.6112,0.40896,16.8,1.0,2.92,0.04668,0.66008,8.4,0.5,1.46,,51.771885
gemma-27b,consensus,zero_shot,gemma-27b:zero_shot,25,8.24,6.32,0.04,14.6,0.57088,81.5004166667,57.9195833333,0.92,2.638,66.792,3.8124,0.32228,16.0,0.96,3.0,0.09028,0.63756,1705.58,24.14,1722.74,,412.0,28.544,3912.02,46.0,85279.0,1207.0,86137.0,0.3313790822,4.7830781197,45.4162555,0.534032994,8.24,6.32,0.04,14.6,0.57088,81.5004166667,57.9195833333,0.92,2.638,66.792,3.8124,0.32228,16.0,0.96,3.0,0.09028,0.63756,1705.58,24.14,1722.74,,67.969913
gemma-27b,consensus,cot,gemma-27b:cot,25,7.96,5.72,0.08,13.76,0.55712,81.5652173913,57.9452173913,0.96,2.4852,64.352,3.5836,0.32512,14.8,0.92,2.88,0.1314,0.61156,1690.86,247.34,1931.78,,398.0,27.856,3752.0,48.0,84543.0,12367.0,96589.0,0.2883972295,4.1205520297,38.8450030542,0.4969509986,7.96,5.72,0.08,13.76,0.55712,81.5652173913,57.9452173913,0.96,2.4852,64.352,3.5836,0.32512,14.8,0.92,2.88,0.1314,0.61156,1690.86,247.34,1931.78,,67.118529
gemma-27b,consensus,scot,gemma-27b:scot,25,7.96,6.52,0.0,14.48,0.5732,81.6084,55.2772,0.96,2.7012,70.4168,3.8508,0.3322,15.8,1.0,3.12,0.04936,0.66144,1424.2,310.48,1727.84,,398.0,28.66,4080.42,48.0,71210.0,15524.0,86392.0,0.33174368,4.606908047,47.2314566164,0.5556070006,7.96,6.52,0.0,14.48,0.5732,81.6084,55.2772,0.96,2.7012,70.4168,3.8508,0.3322,15.8,1.0,3.12,0.04936,0.66144,1424.2,310.48,1727.84,,68.912476
gemma-27b,consensus,few_shot,gemma-27b:few_shot,25,7.52,5.32,0.08,12.92,0.5422,81.3291304348,57.6117391304,0.92,2.7472,67.2656,3.7444,0.33204,15.04,0.96,3.0,0.08992,0.6346,1778.54,372.2,2144.24,,376.0,27.11,3741.14,46.0,88927.0,18610.0,107212.0,0.2528634854,3.5070701041,34.8947878969,0.4290564489,7.52,5.32,0.08,12.92,0.5422,81.3291304348,57.6117391304,0.92,2.7472,67.2656,3.7444,0.33204,15.04,0.96,3.0,0.08992,0.6346,1778.54,372.2,2144.24,,65.42517
gemma-27b,hybrid,zero_shot,gemma-27b:zero_shot,25,18.2,5.56,0.04,23.8,0.7272,86.0441666667,63.34,0.89,2.6348,61.5376,5.2512,0.2522,5.72,0.36,1.36,0.6446,0.24088,1924.3,0.18,1922.12,,910.0,36.36,4130.12,44.5,96215.0,9.0,96106.0,0.3783322581,9.4687116309,42.974632177,0.4630304039,18.2,5.56,0.04,23.8,0.7272,86.0441666667,63.34,0.89,2.6348,61.5376,5.2512,0.2522,5.72,0.36,1.36,0.6446,0.24088,1924.3,0.18,1922.12,,70.315035
gemma-27b,hybrid,cot,gemma-27b:cot,25,4.4,13.92,0.04,18.36,0.18436,77.8983333333,31.9308333333,0.965,2.8548,58.35,4.2572,0.28924,26.2,1.28,2.96,0.12688,0.64964,1370.38,0.64,1358.76,,220.0,9.218,3739.12,48.25,68519.0,32.0,67938.0,0.1356825341,3.2382466366,55.0372398363,0.7102063646,4.4,13.92,0.04,18.36,0.18436,77.8983333333,31.9308333333,0.965,2.8548,58.35,4.2572,0.28924,26.2,1.28,2.96,0.12688,0.64964,1370.38,0.64,1358.76,,53.548682
gemma-27b,hybrid,scot,gemma-27b:scot,25,7.52,1.16,0.04,8.72,0.80684,82.5575,64.7829166667,0.61568,2.3288,72.4876,3.1292,0.39064,10.48,0.88,2.88,0.12016,0.60176,1183.72,323.82,1503.3,,376.0,40.342,3962.76,30.784,59186.0,16191.0,75165.0,0.5367125657,5.0023282113,52.7208142087,0.4095523182,7.52,1.16,0.04,8.72,0.80684,82.5575,64.7829166667,0.61568,2.3288,72.4876,3.1292,0.39064,10.48,0.88,2.88,0.12016,0.60176,1183.72,323.82,1503.3,,73.439665
gemma-27b,hybrid,few_shot,gemma-27b:few_shot,25,14.2,4.52,0.04,18.76,0.7352,88.255,71.7475,0.93,2.4332,58.6096,5.5628,0.24332,24.24,2.28,2.84,0.10068,0.69176,1766.58,346.42,2101.16,,710.0,36.76,4236.24,46.5,88329.0,17321.0,105058.0,0.3499019589,6.7581716766,40.3228692722,0.4426126521,14.2,4.52,0.04,18.76,0.7352,88.255,71.7475,0.93,2.4332,58.6096,5.5628,0.24332,24.24,2.28,2.84,0.10068,0.69176,1766.58,346.42,2101.16,,75.733674
gemma-27b,self_healing,zero_shot,gemma-27b:zero_shot,25,0.88,0.2,0.0,1.08,0.0646,22.5424,6.7868,0.96,2.7228,70.3444,2.1652,0.53908,1.08,0.12,0.24,0.92,0.057,773.7,311.26,1084.48,,44.0,3.23,1127.12,48.0,38685.0,15563.0,54224.0,0.0595677191,0.811448805,20.7863676601,0.8852168781,0.88,0.2,0.0,1.08,0.0646,22.5424,6.7868,0.96,2.7228,70.3444,2.1652,0.53908,1.08,0.12,0.24,0.92,0.057,773.7,311.26,1084.48,,29.780186
gemma-27b,self_healing,cot,gemma-27b:cot,25,1.68,0.16,0.0,1.84,0.10856,25.3608,9.1868,0.92668,2.7476,69.9476,2.2808,0.52676,1.76,0.2,0.36,0.88224,0.08576,1165.32,663.8,1828.32,,84.0,5.428,1268.04,46.334,58266.0,33190.0,91416.0,0.0593769143,0.9188763455,13.8710947755,0.5068478166,1.68,0.16,0.0,1.84,0.10856,25.3608,9.1868,0.92668,2.7476,69.9476,2.2808,0.52676,1.76,0.2,0.36,0.88224,0.08576,1165.32,663.8,1828.32,,29.692484
gemma-27b,self_healing,scot,gemma-27b:scot,25,0.88,0.2,0.0,1.08,0.0646,22.66,6.7868,0.96,2.8228,70.1732,2.162,0.53776,1.08,0.12,0.24,0.92,0.057,646.02,427.98,1073.52,,44.0,3.23,1133.0,48.0,32301.0,21399.0,53676.0,0.06017587,0.8197332141,21.1081302631,0.8942544154,0.88,0.2,0.0,1.08,0.0646,22.66,6.7868,0.96,2.8228,70.1732,2.162,0.53776,1.08,0.12,0.24,0.92,0.057,646.02,427.98,1073.52,,29.844042
gemma-27b,self_healing,few_shot,gemma-27b:few_shot,25,1.48,0.2,0.0,1.68,0.1046,25.2692,9.02,0.93134,2.6904,71.0572,2.2016,0.52828,1.76,0.16,0.36,0.88588,0.0832,1006.56,81.14,1086.92,,74.0,5.23,1263.46,46.567,50328.0,4057.0,54346.0,0.0962352335,1.3616457513,23.2484451478,0.8568615905,1.48,0.2,0.0,1.68,0.1046,25.2692,9.02,0.93134,2.6904,71.0572,2.2016,0.52828,1.76,0.16,0.36,0.88588,0.0832,1006.56,81.14,1086.92,,31.886315
gemma-27b,soa,zero_shot,gemma-27b:zero_shot,25,6.36,6.72,0.0,13.08,0.49528,79.3648,46.5296,0.92668,2.66,71.34,3.5148,0.3528,16.92,1.04,3.0,0.04764,0.66052,542.52,0.52,535.56,,318.0,24.764,3968.24,46.334,27126.0,26.0,26778.0,0.9247890059,11.875420121,148.1903054746,1.7303009934,6.36,6.72,0.0,13.08,0.49528,79.3648,46.5296,0.92668,2.66,71.34,3.5148,0.3528,16.92,1.04,3.0,0.04764,0.66052,542.52,0.52,535.56,,68.474094
gemma-27b,soa,cot,gemma-27b:cot,25,6.48,6.88,0.0,13.36,0.48516,79.774,47.8056,0.96668,2.62,71.484,3.5168,0.35392,15.52,0.96,2.88,0.08784,0.63016,577.72,0.48,571.4,,324.0,24.258,3988.7,48.334,28886.0,24.0,28570.0,0.8490724536,11.3405670284,139.611480574,1.6917745887,6.48,6.88,0.0,13.36,0.48516,79.774,47.8056,0.96668,2.62,71.484,3.5168,0.35392,15.52,0.96,2.88,0.08784,0.63016,577.72,0.48,571.4,,68.355319
gemma-27b,soa,scot,gemma-27b:scot,25,6.24,6.96,0.0,13.2,0.48184,79.7076,47.8056,0.96334,2.696,71.1768,3.5368,0.35152,17.04,1.04,3.0,0.048,0.65844,827.7,12.76,832.92,,312.0,24.092,3985.38,48.167,41385.0,638.0,41646.0,0.5784949335,7.4917158911,95.6965855064,1.1565816645,6.24,6.96,0.0,13.2,0.48184,79.7076,47.8056,0.96334,2.696,71.1768,3.5368,0.35152,17.04,1.04,3.0,0.048,0.65844,827.7,12.76,832.92,,67.616446
gemma-27b,soa,few_shot,gemma-27b:few_shot,25,6.16,6.24,0.04,12.44,0.48392,79.7270833333,49.4404166667,0.92668,2.5492,68.64,3.3532,0.35428,15.92,1.0,2.88,0.088,0.63176,877.1,58.68,928.76,,308.0,24.196,3826.9,46.334,43855.0,2934.0,46438.0,0.5210388044,6.6324992463,82.4088031354,0.9977604548,6.16,6.24,0.04,12.44,0.48392,79.7270833333,49.4404166667,0.92668,2.5492,68.64,3.3532,0.35428,15.92,1.0,2.88,0.088,0.63176,877.1,58.68,928.76,,66.586513
gemma-27b,swarm,zero_shot,gemma-27b:zero_shot,25,0.44,1.04,0.0,1.48,0.18,52.0736,25.8676,0.84,1.7784,77.7676,1.314,0.69144,3.12,0.48,2.96,0.02,0.46812,654.56,0.24,654.48,,22.0,9.0,2603.68,42.0,32728.0,12.0,32724.0,0.2750275028,0.6722894512,79.5648453734,1.2834616795,0.44,1.04,0.0,1.48,0.18,52.0736,25.8676,0.84,1.7784,77.7676,1.314,0.69144,3.12,0.48,2.96,0.02,0.46812,654.56,0.24,654.48,,45.44203
gemma-27b,swarm,cot,gemma-27b:cot,25,1.84,2.76,0.0,4.6,0.33764,63.0036,30.8496,0.813,1.8284,76.3688,1.8488,0.58464,5.72,0.72,2.96,0.0,0.53708,1260.36,6.34,1264.96,,92.0,16.882,3150.18,40.65,63018.0,317.0,63248.0,0.266917531,1.4545914495,49.8067923096,0.6427080698,1.84,2.76,0.0,4.6,0.33764,63.0036,30.8496,0.813,1.8284,76.3688,1.8488,0.58464,5.72,0.72,2.96,0.0,0.53708,1260.36,6.34,1264.96,,52.845489
gemma-27b,swarm,scot,gemma-27b:scot,25,2.72,0.92,0.08,3.72,0.56608,68.3841666667,49.13,0.609,2.3104,76.1528,2.432,0.49012,6.16,0.64,3.16,0.0,0.56272,1421.36,46.4,1465.94,,136.0,28.304,3282.44,30.45,71068.0,2320.0,73297.0,0.3861549586,1.855464753,44.7827332633,0.4154331009,2.72,0.92,0.08,3.72,0.56608,68.3841666667,49.13,0.609,2.3104,76.1528,2.432,0.49012,6.16,0.64,3.16,0.0,0.56272,1421.36,46.4,1465.94,,59.892785
gemma-27b,swarm,few_shot,gemma-27b:few_shot,25,0.04,1.0,0.0,1.04,0.04,49.2516,19.4,0.96,1.5668,76.6912,0.906,0.7698,1.64,0.12,3.0,0.0,0.44604,890.86,134.36,1025.84,,2.0,2.0,2462.58,48.0,44543.0,6718.0,51292.0,0.0389924355,0.0389924355,48.0109958668,0.9358184512,0.04,1.0,0.0,1.04,0.04,49.2516,19.4,0.96,1.5668,76.6912,0.906,0.7698,1.64,0.12,3.0,0.0,0.44604,890.86,134.36,1025.84,,39.54824
gemma-4b,actor_critic,zero_shot,gemma-4b:zero_shot,25,7.68,4.56,0.0,12.24,0.6044,84.9724,68.272,0.88,2.6128,70.9184,3.8384,0.32588,14.68,0.92,2.8,0.09228,0.62436,1215.44,354.54,1563.58,,384.0,30.22,4248.62,44.0,60772.0,17727.0,78179.0,0.3865488175,4.9118049604,54.344772893,0.562810985,7.68,4.56,0.0,12.24,0.6044,84.9724,68.272,0.88,2.6128,70.9184,3.8384,0.32588,14.68,0.92,2.8,0.09228,0.62436,1215.44,354.54,1563.58,,69.94708
gemma-4b,actor_critic,cot,gemma-4b:cot,25,6.56,4.04,0.04,10.64,0.56404,82.53125,66.7366666667,0.92,2.716,68.318,3.6628,0.33032,13.96,1.0,2.76,0.13412,0.60224,731.26,185.98,911.14,,328.0,28.202,3961.5,46.0,36563.0,9299.0,45557.0,0.6190486643,7.1997717146,86.9569989244,1.0097240819,6.56,4.04,0.04,10.64,0.56404,82.53125,66.7366666667,0.92,2.716,68.318,3.6628,0.33032,13.96,1.0,2.76,0.13412,0.60224,731.26,185.98,911.14,,70.152349
gemma-4b,actor_critic,scot,gemma-4b:scot,25,4.96,2.84,0.08,7.88,0.54768,79.1952173913,61.9669565217,0.92,2.278,61.642,3.9184,0.2988,10.04,1.04,2.68,0.13588,0.58644,1122.36,0.52,1118.68,,248.0,27.384,3642.98,46.0,56118.0,26.0,55934.0,0.4895770015,4.433796975,65.1299746129,0.822397826,4.96,2.84,0.08,7.88,0.54768,79.1952173913,61.9669565217,0.92,2.278,61.642,3.9184,0.2988,10.04,1.04,2.68,0.13588,0.58644,1122.36,0.52,1118.68,,67.853472
gemma-4b,actor_critic,few_shot,gemma-4b:few_shot,25,9.88,2.16,0.04,12.08,0.75392,86.2045833333,72.1758333333,0.848,2.4072,64.3704,4.2656,0.3112,19.08,1.88,2.96,0.04948,0.69396,910.74,164.78,1066.52,,494.0,37.696,4137.82,42.4,45537.0,8239.0,53326.0,0.7068971984,9.2637737689,77.5947942842,0.7951093275,9.88,2.16,0.04,12.08,0.75392,86.2045833333,72.1758333333,0.848,2.4072,64.3704,4.2656,0.3112,19.08,1.88,2.96,0.04948,0.69396,910.74,164.78,1066.52,,78.014595
gemma-4b,adversarial,zero_shot,gemma-4b:zero_shot,25,6.64,3.8,0.0,10.44,0.6048,83.3392,67.8176,0.93,2.4984,73.0092,3.5128,0.35176,14.48,1.12,3.04,0.04616,0.67224,800.38,179.98,974.08,,332.0,30.24,4166.96,46.5,40019.0,8999.0,48704.0,0.6208935611,6.8166885677,85.5568331143,0.9547470434,6.64,3.8,0.0,10.44,0.6048,83.3392,67.8176,0.93,2.4984,73.0092,3.5128,0.35176,14.48,1.12,3.04,0.04616,0.67224,800.38,179.98,974.08,,72.636864
gemma-4b,adversarial,cot,gemma-4b:cot,25,5.6,3.52,0.04,9.16,0.56992,83.13,65.3954166667,0.92,2.452,70.782,3.2628,0.357,10.76,0.68,2.56,0.16,0.5614,796.52,2.86,794.94,,280.0,28.496,3990.24,46.0,39826.0,143.0,39747.0,0.7169346114,7.0445568219,100.3909729036,1.1573200493,5.6,3.52,0.04,9.16,0.56992,83.13,65.3954166667,0.92,2.452,70.782,3.2628,0.357,10.76,0.68,2.56,0.16,0.5614,796.52,2.86,794.94,,70.494149
gemma-4b,adversarial,scot,gemma-4b:scot,25,2.8,2.36,0.28,5.44,0.35284,74.7877777778,53.6705555556,0.96,1.7404,45.2596,2.8476,0.33068,6.48,0.6,2.0,0.36,0.42212,826.28,0.3,824.04,,140.0,17.642,2692.36,48.0,41314.0,15.0,41202.0,0.4281830979,3.3978933062,65.3453715839,1.1649919907,2.8,2.36,0.28,5.44,0.35284,74.7877777778,53.6705555556,0.96,1.7404,45.2596,2.8476,0.33068,6.48,0.6,2.0,0.36,0.42212,826.28,0.3,824.04,,58.841108
gemma-4b,adversarial,few_shot,gemma-4b:few_shot,25,9.68,2.44,0.04,12.16,0.75768,88.0629166667,74.2633333333,0.928,2.7508,61.2872,4.684,0.28096,24.04,2.24,2.92,0.04268,0.71548,801.72,1.12,791.16,,484.0,37.884,4227.02,46.4,40086.0,56.0,39558.0,0.9576823904,12.2351989484,106.8562616917,1.1729612215,9.68,2.44,0.04,12.16,0.75768,88.0629166667,74.2633333333,0.928,2.7508,61.2872,4.684,0.28096,24.04,2.24,2.92,0.04268,0.71548,801.72,1.12,791.16,,80.910462
gemma-4b,atomic_swarm,zero_shot,gemma-4b:zero_shot,25,2.04,1.36,0.0,3.4,0.52764,62.4068,36.9732,0.68668,2.2704,77.894,3.236,0.45972,3.84,0.92,3.2,0.1346,0.50568,770.7,22.64,792.56,,102.0,26.382,3120.34,34.334,38535.0,1132.0,39628.0,0.665741395,2.5739376199,78.7407893409,0.8664075906,2.04,1.36,0.0,3.4,0.52764,62.4068,36.9732,0.68668,2.2704,77.894,3.236,0.45972,3.84,0.92,3.2,0.1346,0.50568,770.7,22.64,792.56,,59.572631
gemma-4b,atomic_swarm,cot,gemma-4b:cot,25,2.04,1.52,0.0,3.56,0.48844,62.2768,35.0828,0.76,2.288,77.882,3.276,0.45516,4.04,0.96,3.2,0.1292,0.51668,680.4,0.48,679.98,,102.0,24.422,3113.84,38.0,34020.0,24.0,33999.0,0.7183152446,3.0000882379,91.5862231242,1.1176799318,2.04,1.52,0.0,3.56,0.48844,62.2768,35.0828,0.76,2.288,77.882,3.276,0.45516,4.04,0.96,3.2,0.1292,0.51668,680.4,0.48,679.98,,59.535863
gemma-4b,atomic_swarm,scot,gemma-4b:scot,25,2.0,1.56,0.0,3.56,0.476,62.8268,34.7368,0.76,2.2296,78.5464,3.1268,0.47116,4.04,0.96,3.2,0.12604,0.51752,518.3,0.48,517.88,,100.0,23.8,3141.34,38.0,25915.0,24.0,25894.0,0.9191318452,3.8618985093,121.3153626323,1.4675214335,2.0,1.56,0.0,3.56,0.476,62.8268,34.7368,0.76,2.2296,78.5464,3.1268,0.47116,4.04,0.96,3.2,0.12604,0.51752,518.3,0.48,517.88,,59.693777
gemma-4b,atomic_swarm,few_shot,gemma-4b:few_shot,25,1.68,1.56,0.0,3.24,0.43064,61.306,31.3628,0.76,2.2704,79.1108,3.1364,0.47828,3.8,0.92,3.2,0.13852,0.50568,640.14,0.46,639.84,,84.0,21.532,3065.3,38.0,32007.0,23.0,31992.0,0.6730432608,2.6256564141,95.8145786447,1.1877969492,1.68,1.56,0.0,3.24,0.43064,61.306,31.3628,0.76,2.2704,79.1108,3.1364,0.47828,3.8,0.92,3.2,0.13852,0.50568,640.14,0.46,639.84,,56.997356
gemma-4b,baseline,zero_shot,gemma-4b:zero_shot,25,7.32,3.92,0.0,11.24,0.62552,84.34,68.232,0.88,2.416,72.7256,3.5836,0.3506,13.56,1.04,3.04,0.0064,0.67984,672.18,598.96,1265.36,,366.0,31.276,4217.0,44.0,33609.0,29948.0,63268.0,0.4943415313,5.7849149649,66.6529683252,0.6954542581,7.32,3.92,0.0,11.24,0.62552,84.34,68.232,0.88,2.416,72.7256,3.5836,0.3506,13.56,1.04,3.04,0.0064,0.67984,672.18,598.96,1265.36,,72.126131
gemma-4b,baseline,cot,gemma-4b:cot,25,6.8,3.84,0.0,10.64,0.60412,84.064,65.2944,0.92,2.4784,72.6084,3.5204,0.3516,12.48,0.96,2.8,0.09512,0.62028,492.06,25.28,512.02,,340.0,30.206,4203.2,46.0,24603.0,1264.0,25601.0,1.1798757861,13.2807312214,164.1810866763,1.7968048123,6.8,3.84,0.0,10.64,0.60412,84.064,65.2944,0.92,2.4784,72.6084,3.5204,0.3516,12.48,0.96,2.8,0.09512,0.62028,492.06,25.28,512.02,,73.573899
gemma-4b,baseline,scot,gemma-4b:scot,25,6.0,2.76,0.04,8.8,0.62944,79.7056,62.5632,0.925,2.7412,67.0072,4.474,0.2932,12.52,0.96,2.96,0.04308,0.64528,576.7,0.48,571.92,,300.0,31.472,3985.28,46.25,28835.0,24.0,28596.0,1.1005735068,10.4909777591,139.3649461463,1.6173590712,6.0,2.76,0.04,8.8,0.62944,79.7056,62.5632,0.925,2.7412,67.0072,4.474,0.2932,12.52,0.96,2.96,0.04308,0.64528,576.7,0.48,571.92,,73.633784
gemma-4b,baseline,few_shot,gemma-4b:few_shot,25,9.08,2.08,0.0,11.16,0.77,84.214,71.5468,0.813,2.4132,70.3148,4.0428,0.33748,15.0,2.2,3.0,0.0,0.73944,761.36,57.36,811.62,,454.0,38.5,4210.7,40.65,38068.0,2868.0,40581.0,0.9487198443,11.1875015401,103.7603804736,1.0017003031,9.08,2.08,0.0,11.16,0.77,84.214,71.5468,0.813,2.4132,70.3148,4.0428,0.33748,15.0,2.2,3.0,0.0,0.73944,761.36,57.36,811.62,,78.89131
gemma-4b,coa,zero_shot,gemma-4b:zero_shot,25,0.08,7.84,0.04,7.96,0.016,71.6141666667,22.0,1.0,1.942,75.3468,2.6496,0.4396,7.6,0.72,2.88,0.38552,0.49164,741.26,249.52,988.06,,4.0,0.8,3437.48,50.0,37063.0,12476.0,49403.0,0.0161933486,0.0809667429,69.5803898549,1.0120842864,0.08,7.84,0.04,7.96,0.016,71.6141666667,22.0,1.0,1.942,75.3468,2.6496,0.4396,7.6,0.72,2.88,0.38552,0.49164,741.26,249.52,988.06,,45.353655
gemma-4b,coa,cot,gemma-4b:cot,25,0.08,7.92,0.04,8.04,0.01332,71.7683333333,22.0,1.0,1.9436,75.3984,2.654,0.4386,7.64,0.72,2.88,0.40052,0.49092,595.92,7.8,600.98,,4.0,0.666,3444.88,50.0,29796.0,390.0,30049.0,0.0221637991,0.1331159107,114.6420845952,1.6639488835,0.08,7.92,0.04,8.04,0.01332,71.7683333333,22.0,1.0,1.9436,75.3984,2.654,0.4386,7.64,0.72,2.88,0.40052,0.49092,595.92,7.8,600.98,,46.494708
gemma-4b,coa,scot,gemma-4b:scot,25,0.08,7.92,0.04,8.04,0.01332,71.7233333333,22.0,1.0,1.9232,75.5972,2.63,0.44148,7.4,0.72,2.88,0.39508,0.49124,764.48,12.0,773.86,,4.0,0.666,3442.72,50.0,38224.0,600.0,38693.0,0.0172124157,0.103377872,88.9752668441,1.2922233996,0.08,7.92,0.04,8.04,0.01332,71.7233333333,22.0,1.0,1.9232,75.5972,2.63,0.44148,7.4,0.72,2.88,0.39508,0.49124,764.48,12.0,773.86,,45.943154
gemma-4b,coa,few_shot,gemma-4b:few_shot,25,0.08,7.76,0.04,7.88,0.01332,71.4704166667,21.9166666667,1.0,1.9476,75.5392,2.6404,0.44004,7.4,0.72,2.88,0.41316,0.48172,540.9,177.2,715.48,,4.0,0.666,3430.58,50.0,27045.0,8860.0,35774.0,0.0186168726,0.1118130486,95.8959020518,1.3976631073,0.08,7.76,0.04,7.88,0.01332,71.4704166667,21.9166666667,1.0,1.9476,75.5392,2.6404,0.44004,7.4,0.72,2.88,0.41316,0.48172,540.9,177.2,715.48,,45.968261
gemma-4b,competitive,zero_shot,gemma-4b:zero_shot,25,6.76,3.04,0.0,9.8,0.6722,83.2608,67.4336,0.853,2.3412,74.0472,3.4048,0.36468,11.76,1.0,3.08,0.00664,0.67108,5.88,0.5,1.54,,338.0,33.61,4163.04,42.65,294.0,25.0,77.0,436.4935064935,4389.6103896104,54065.4545454545,553.8961038961,6.76,3.04,0.0,9.8,0.6722,83.2608,67.4336,0.853,2.3412,74.0472,3.4048,0.36468,11.76,1.0,3.08,0.00664,0.67108,5.88,0.5,1.54,,77.204159
gemma-4b,competitive,cot,gemma-4b:cot,25,6.52,3.2,0.0,9.72,0.64248,83.3008,68.3428,0.925,2.3892,74.04,3.386,0.36952,11.48,0.92,3.04,0.0,0.66944,5.74,0.46,1.52,,326.0,32.124,4165.04,46.25,287.0,23.0,76.0,422.6842105263,4289.4736842105,54803.1578947368,608.5526315789,6.52,3.2,0.0,9.72,0.64248,83.3008,68.3428,0.925,2.3892,74.04,3.386,0.36952,11.48,0.92,3.04,0.0,0.66944,5.74,0.46,1.52,,77.089021
gemma-4b,competitive,scot,gemma-4b:scot,25,6.76,3.08,0.0,9.84,0.65884,82.846,67.656,0.89,2.3592,74.014,3.3952,0.36716,11.32,0.96,3.04,0.00664,0.66544,5.66,0.48,1.52,,338.0,32.942,4142.3,44.5,283.0,24.0,76.0,433.4473684211,4447.3684210526,54503.9473684211,585.5263157895,6.76,3.08,0.0,9.84,0.65884,82.846,67.656,0.89,2.3592,74.014,3.3952,0.36716,11.32,0.96,3.04,0.00664,0.66544,5.66,0.48,1.52,,77.064721
gemma-4b,competitive,few_shot,gemma-4b:few_shot,25,6.52,3.36,0.0,9.88,0.64076,82.8248,67.1004,0.89,2.3436,74.2208,3.374,0.36816,11.28,0.92,3.04,0.00616,0.66584,5.64,0.46,1.52,,326.0,32.038,4141.24,44.5,282.0,23.0,76.0,421.5526315789,4289.4736842105,54490.0,585.5263157895,6.52,3.36,0.0,9.88,0.64076,82.8248,67.1004,0.89,2.3436,74.2208,3.374,0.36816,11.28,0.92,3.04,0.00616,0.66584,5.64,0.46,1.52,,76.340221
gemma-4b,consensus,zero_shot,gemma-4b:zero_shot,25,6.32,4.32,0.0,10.64,0.5902,83.7924,68.632,0.93,2.5072,73.0144,3.5688,0.35008,14.08,1.0,3.08,0.02532,0.66944,1588.2,6.38,1588.58,,316.0,29.51,4189.62,46.5,79410.0,319.0,79429.0,0.3715267723,3.9783958,52.7467297838,0.5854284959,6.32,4.32,0.0,10.64,0.5902,83.7924,68.632,0.93,2.5072,73.0144,3.5688,0.35008,14.08,1.0,3.08,0.02532,0.66944,1588.2,6.38,1588.58,,70.206285
gemma-4b,consensus,cot,gemma-4b:cot,25,7.12,4.72,0.0,11.84,0.5792,84.3632,68.05,0.97,2.4592,72.0332,3.706,0.3438,14.68,0.88,3.08,0.0162,0.67372,1709.14,29.36,1732.26,,356.0,28.96,4218.16,48.5,85457.0,1468.0,86613.0,0.3343608927,4.1102374932,48.7012342258,0.5599621304,7.12,4.72,0.0,11.84,0.5792,84.3632,68.05,0.97,2.4592,72.0332,3.706,0.3438,14.68,0.88,3.08,0.0162,0.67372,1709.14,29.36,1732.26,,70.10008
gemma-4b,consensus,scot,gemma-4b:scot,25,7.32,4.68,0.0,12.0,0.58068,85.0084,69.1168,1.0,2.6248,71.4816,3.816,0.33732,15.32,0.96,3.08,0.01944,0.67728,1734.22,164.32,1891.94,,366.0,29.034,4250.42,50.0,86711.0,8216.0,94597.0,0.3069230525,3.8690444729,44.9318688753,0.5285579881,7.32,4.68,0.0,12.0,0.58068,85.0084,69.1168,1.0,2.6248,71.4816,3.816,0.33732,15.32,0.96,3.08,0.01944,0.67728,1734.22,164.32,1891.94,,70.304174
gemma-4b,consensus,few_shot,gemma-4b:few_shot,25,6.28,4.48,0.0,10.76,0.59148,83.9204,68.632,0.93,2.442,73.2764,3.5508,0.35088,13.36,0.92,3.08,0.03064,0.66376,1718.78,0.46,1713.64,,314.0,29.574,4196.02,46.5,85939.0,23.0,85682.0,0.3451600103,3.6647137088,48.9720127915,0.5427044187,6.28,4.48,0.0,10.76,0.59148,83.9204,68.632,0.93,2.442,73.2764,3.5508,0.35088,13.36,0.92,3.08,0.03064,0.66376,1718.78,0.46,1713.64,,69.839518
gemma-4b,hybrid,zero_shot,gemma-4b:zero_shot,25,8.2,6.0,0.04,14.24,0.50544,84.5145833333,69.0241666667,1.0,2.6696,64.8156,4.1252,0.30484,14.68,0.88,2.36,0.26624,0.51816,1460.1,255.32,1708.82,,410.0,25.272,4056.7,50.0,73005.0,12766.0,85441.0,0.295783055,4.7986329748,47.4795472899,0.5851991433,8.2,6.0,0.04,14.24,0.50544,84.5145833333,69.0241666667,1.0,2.6696,64.8156,4.1252,0.30484,14.68,0.88,2.36,0.26624,0.51816,1460.1,255.32,1708.82,,66.155617
gemma-4b,hybrid,cot,gemma-4b:cot,25,7.4,3.72,0.04,11.16,0.56028,80.7095833333,66.16625,0.96,2.86,67.512,3.7404,0.33028,12.96,0.76,2.48,0.21088,0.54092,1166.08,8.64,1169.1,,370.0,28.014,3874.06,48.0,58304.0,432.0,58455.0,0.4792404414,6.3296552904,66.2742280387,0.8211444701,7.4,3.72,0.04,11.16,0.56028,80.7095833333,66.16625,0.96,2.86,67.512,3.7404,0.33028,12.96,0.76,2.48,0.21088,0.54092,1166.08,8.64,1169.1,,68.722352
gemma-4b,hybrid,scot,gemma-4b:scot,25,5.64,2.48,0.0,8.12,0.67636,81.5432,66.5116,0.81168,2.5632,68.3148,4.18,0.3154,12.48,1.0,3.04,0.0204,0.65772,1186.64,3.86,1185.28,,282.0,33.818,4077.16,40.584,59332.0,193.0,59264.0,0.5706330994,4.7583693305,68.7965712743,0.684800216,5.64,2.48,0.0,8.12,0.67636,81.5432,66.5116,0.81168,2.5632,68.3148,4.18,0.3154,12.48,1.0,3.04,0.0204,0.65772,1186.64,3.86,1185.28,,72.466289
gemma-4b,hybrid,few_shot,gemma-4b:few_shot,25,11.12,3.68,0.04,14.84,0.70872,86.1454166667,75.1658333333,1.0,3.3864,54.7944,5.938,0.23588,34.48,2.88,2.92,0.07048,0.73548,1660.22,165.28,1808.28,,556.0,35.436,4134.98,50.0,83011.0,8264.0,90414.0,0.3919304532,6.1494901232,45.7338465282,0.5530117017,11.12,3.68,0.04,14.84,0.70872,86.1454166667,75.1658333333,1.0,3.3864,54.7944,5.938,0.23588,34.48,2.88,2.92,0.07048,0.73548,1660.22,165.28,1808.28,,76.555041
gemma-4b,self_healing,zero_shot,gemma-4b:zero_shot,25,6.84,4.2,0.0,11.04,0.60804,84.4176,70.632,0.92,2.5024,72.862,3.604,0.34848,14.32,0.92,3.04,0.01948,0.66956,527.3,0.46,521.66,,342.0,30.402,4220.88,46.0,26365.0,23.0,26083.0,1.1655867807,13.1119886516,161.8249434498,1.7636008128,6.84,4.2,0.0,11.04,0.60804,84.4176,70.632,0.92,2.5024,72.862,3.604,0.34848,14.32,0.92,3.04,0.01948,0.66956,527.3,0.46,521.66,,74.281593
gemma-4b,self_healing,cot,gemma-4b:cot,25,7.08,4.04,0.0,11.12,0.62384,84.6956,70.7652,0.92,2.5204,72.758,3.6276,0.34684,14.44,0.96,3.04,0.0114,0.67328,834.0,0.48,828.3,,354.0,31.192,4234.78,46.0,41700.0,24.0,41415.0,0.7531570687,8.5476276711,102.2523240372,1.1107086804,7.08,4.04,0.0,11.12,0.62384,84.6956,70.7652,0.92,2.5204,72.758,3.6276,0.34684,14.44,0.96,3.04,0.0114,0.67328,834.0,0.48,828.3,,74.056271
gemma-4b,self_healing,scot,gemma-4b:scot,25,7.0,4.16,0.0,11.16,0.61416,84.5084,68.632,0.92,2.4976,72.4792,3.624,0.34872,14.2,1.0,3.04,0.01388,0.67328,578.62,7.64,580.18,,350.0,30.708,4225.42,46.0,28931.0,382.0,29009.0,1.0585680306,12.0652211383,145.6589334345,1.5857147782,7.0,4.16,0.0,11.16,0.61416,84.5084,68.632,0.92,2.4976,72.4792,3.624,0.34872,14.2,1.0,3.04,0.01388,0.67328,578.62,7.64,580.18,,74.402316
gemma-4b,self_healing,few_shot,gemma-4b:few_shot,25,7.12,3.96,0.0,11.08,0.61684,83.8608,68.232,0.92,2.5264,72.5736,3.6148,0.34992,14.08,0.92,3.04,0.01452,0.6678,678.88,27.98,700.88,,356.0,30.842,4193.04,46.0,33944.0,1399.0,35044.0,0.8800935966,10.1586576875,119.6507248031,1.3126355439,7.12,3.96,0.0,11.08,0.61684,83.8608,68.232,0.92,2.5264,72.5736,3.6148,0.34992,14.08,0.92,3.04,0.01452,0.6678,678.88,27.98,700.88,,73.913357
gemma-4b,soa,zero_shot,gemma-4b:zero_shot,25,7.64,5.08,0.0,12.72,0.58768,85.1536,68.8232,0.97,2.53,70.97,3.8572,0.3286,16.16,0.96,3.08,0.01948,0.67816,381.74,189.76,564.48,,382.0,29.384,4257.68,48.5,19087.0,9488.0,28224.0,1.0410997732,13.5345804989,150.8531746032,1.7183956916,7.64,5.08,0.0,12.72,0.58768,85.1536,68.8232,0.97,2.53,70.97,3.8572,0.3286,16.16,0.96,3.08,0.01948,0.67816,381.74,189.76,564.48,,74.352574
gemma-4b,soa,cot,gemma-4b:cot,25,7.36,4.64,0.04,12.04,0.5844,84.2704166667,66.21125,0.97,2.3696,68.7872,3.59,0.333,14.44,0.96,2.92,0.0586,0.6504,680.82,19.98,694.56,,368.0,29.22,4044.98,48.5,34041.0,999.0,34728.0,0.8413959917,10.5966367196,116.4760423865,1.3965676111,7.36,4.64,0.04,12.04,0.5844,84.2704166667,66.21125,0.97,2.3696,68.7872,3.59,0.333,14.44,0.96,2.92,0.0586,0.6504,680.82,19.98,694.56,,73.31403
gemma-4b,soa,scot,gemma-4b:scot,25,7.64,4.6,0.0,12.24,0.61684,85.2016,68.9564,0.97,2.4952,71.5188,3.7748,0.3362,15.6,0.92,3.08,0.01268,0.67928,480.44,23.84,497.56,,382.0,30.842,4260.08,48.5,24022.0,1192.0,24878.0,1.2397298818,15.3549320685,171.2388455664,1.9495136265,7.64,4.6,0.0,12.24,0.61684,85.2016,68.9564,0.97,2.4952,71.5188,3.7748,0.3362,15.6,0.92,3.08,0.01268,0.67928,480.44,23.84,497.56,,75.752559
gemma-4b,soa,few_shot,gemma-4b:few_shot,25,7.64,4.68,0.0,12.32,0.59944,84.8188,67.3628,0.965,2.5088,71.494,3.7816,0.33336,15.4,0.96,3.04,0.0264,0.6744,609.62,0.48,603.44,,382.0,29.972,4240.94,48.25,30481.0,24.0,30172.0,0.9933713377,12.6607450616,140.5587962349,1.5991647885,7.64,4.68,0.0,12.32,0.59944,84.8188,67.3628,0.965,2.5088,71.494,3.7816,0.33336,15.4,0.96,3.04,0.0264,0.6744,609.62,0.48,603.44,,74.504191
gemma-4b,swarm,zero_shot,gemma-4b:zero_shot,25,4.0,1.24,0.04,5.28,0.7164,77.455,61.6075,0.698,2.0724,74.2312,2.5924,0.45152,5.96,0.8,2.96,0.05168,0.56456,838.86,186.42,1023.38,,200.0,35.82,3717.84,34.9,41943.0,9321.0,51169.0,0.7000332232,3.9086165452,72.6580546815,0.6820535871,4.0,1.24,0.04,5.28,0.7164,77.455,61.6075,0.698,2.0724,74.2312,2.5924,0.45152,5.96,0.8,2.96,0.05168,0.56456,838.86,186.42,1023.38,,70.918024
gemma-4b,swarm,cot,gemma-4b:cot,25,4.84,2.08,0.08,7.0,0.63932,78.8720833333,65.9658333333,0.84,2.1808,77.6412,2.9144,0.43632,7.12,0.72,3.16,0.03904,0.59236,1034.92,6.24,1038.82,,242.0,31.966,3785.86,42.0,51746.0,312.0,51941.0,0.6154290445,4.6591324772,72.8876995052,0.8086097688,4.84,2.08,0.08,7.0,0.63932,78.8720833333,65.9658333333,0.84,2.1808,77.6412,2.9144,0.43632,7.12,0.72,3.16,0.03904,0.59236,1034.92,6.24,1038.82,,70.548554
gemma-4b,swarm,scot,gemma-4b:scot,25,4.8,1.88,0.0,6.68,0.70164,79.7784,66.2644,0.77,2.1728,76.854,2.9328,0.42792,8.0,0.76,3.12,0.0,0.6228,1184.14,0.38,1181.7,,240.0,35.082,3988.92,38.5,59207.0,19.0,59085.0,0.5937547601,4.061944656,67.5115511551,0.6516036219,4.8,1.88,0.0,6.68,0.70164,79.7784,66.2644,0.77,2.1728,76.854,2.9328,0.42792,8.0,0.76,3.12,0.0,0.6228,1184.14,0.38,1181.7,,72.073144
gemma-4b,swarm,few_shot,gemma-4b:few_shot,25,0.52,0.72,0.0,1.24,0.416,57.7912,29.3068,0.6,1.7804,83.8448,1.3128,0.6946,2.36,0.2,3.0,0.02668,0.45872,419.1,0.1,419.42,,26.0,20.8,2889.56,30.0,20955.0,5.0,20971.0,0.9918458824,1.239807353,137.7883744218,1.4305469458,0.52,0.72,0.0,1.24,0.416,57.7912,29.3068,0.6,1.7804,83.8448,1.3128,0.6946,2.36,0.2,3.0,0.02668,0.45872,419.1,0.1,419.42,,53.356417
